Country,Confirmed,Deaths,Hosp_patients,Vaccinations,Vaccinated_Once,Vaccinated_Full,Vaccinated_Booster,Date
United Kingdom,128685.0,18.0,0.0,378480.0,51705406.0,47324308.0,33091891.0,28_12_2021
United Kingdom,318699.0,146.0,0.0,315382.0,51681547.0,47294774.0,32766804.0,27_12_2021
United Kingdom,0.0,0.0,0.0,27002.0,51663356.0,47271068.0,32493319.0,26_12_2021
United Kingdom,0.0,0.0,0.0,12352.0,51661421.0,47268984.0,32470336.0,25_12_2021
United Kingdom,121810.0,137.0,0.0,194107.0,51660466.0,47268067.0,32459856.0,24_12_2021
United Kingdom,122760.0,147.0,0.0,682212.0,51649696.0,47254099.0,32290487.0,23_12_2021
United Kingdom,105626.0,141.0,8240.0,932501.0,51617091.0,47210053.0,31684926.0,22_12_2021
United Kingdom,89298.0,173.0,8027.0,1062705.0,51577782.0,47156899.0,30844888.0,21_12_2021
United Kingdom,92371.0,43.0,7825.0,988710.0,51537827.0,47102814.0,29876223.0,20_12_2021
United Kingdom,81959.0,45.0,7589.0,919521.0,51498034.0,47051876.0,28978244.0,19_12_2021
United Kingdom,89074.0,125.0,7435.0,1024833.0,51464883.0,47011972.0,28131778.0,18_12_2021
United Kingdom,92713.0,113.0,7506.0,927697.0,51426554.0,46966074.0,27191172.0,17_12_2021
United Kingdom,87801.0,147.0,7637.0,936480.0,51393664.0,46923788.0,26338651.0,16_12_2021
United Kingdom,77966.0,164.0,7625.0,812044.0,51360987.0,46881291.0,25477345.0,15_12_2021
United Kingdom,59746.0,150.0,7704.0,728681.0,51332920.0,46842497.0,24732162.0,14_12_2021
United Kingdom,53953.0,38.0,7706.0,562800.0,51298838.0,46804609.0,24075451.0,13_12_2021
United Kingdom,48071.0,52.0,7491.0,451044.0,51279167.0,46775202.0,23561729.0,12_12_2021
United Kingdom,52279.0,132.0,7372.0,615528.0,51255850.0,46745007.0,23164197.0,11_12_2021
United Kingdom,58352.0,120.0,7407.0,482986.0,51229559.0,46706023.0,22613944.0,10_12_2021
United Kingdom,50282.0,148.0,7456.0,527342.0,51207496.0,46674061.0,22184983.0,09_12_2021
United Kingdom,50811.0,163.0,7389.0,465782.0,51183457.0,46640237.0,21715504.0,08_12_2021
United Kingdom,45333.0,180.0,7372.0,442937.0,51161757.0,46610800.0,21300859.0,07_12_2021
United Kingdom,51432.0,42.0,7389.0,374156.0,51138245.0,46582425.0,20909809.0,06_12_2021
United Kingdom,43285.0,54.0,7284.0,339286.0,51118266.0,46557413.0,20580644.0,05_12_2021
United Kingdom,41457.0,127.0,7184.0,529328.0,51096311.0,46530247.0,20290479.0,04_12_2021
United Kingdom,50810.0,143.0,7333.0,442053.0,51069397.0,46492449.0,19825863.0,03_12_2021
United Kingdom,53322.0,141.0,7424.0,477734.0,51046133.0,46462638.0,19436885.0,02_12_2021
United Kingdom,47454.0,171.0,7352.0,466235.0,51020285.0,46431662.0,19015975.0,01_12_2021
United Kingdom,40011.0,160.0,7678.0,455285.0,50994257.0,46399306.0,18608124.0,30_11_2021
United Kingdom,42702.0,35.0,7671.0,367154.0,50963718.0,46367149.0,18215535.0,29_11_2021
United Kingdom,36507.0,51.0,7443.0,336273.0,50941327.0,46341057.0,17896864.0,28_11_2021
United Kingdom,39567.0,131.0,7413.0,521785.0,50919834.0,46311612.0,17611529.0,27_11_2021
United Kingdom,49554.0,160.0,7568.0,410741.0,50896026.0,46278746.0,17146418.0,26_11_2021
United Kingdom,46955.0,147.0,7669.0,442483.0,50875712.0,46255081.0,16779656.0,25_11_2021
United Kingdom,42621.0,149.0,7678.0,426964.0,50852133.0,46232258.0,16383575.0,24_11_2021
United Kingdom,42832.0,165.0,7926.0,413976.0,50827554.0,46208819.0,16004629.0,23_11_2021
United Kingdom,45021.0,45.0,8142.0,349941.0,50800732.0,46186817.0,15639477.0,22_11_2021
United Kingdom,39458.0,61.0,8048.0,268311.0,50777474.0,46168300.0,15331311.0,21_11_2021
United Kingdom,39881.0,150.0,7953.0,513270.0,50761050.0,46154408.0,15093316.0,20_11_2021
United Kingdom,44411.0,157.0,8075.0,412575.0,50735037.0,46130215.0,14630252.0,19_11_2021
United Kingdom,46991.0,199.0,8128.0,436587.0,50707953.0,46108608.0,14266368.0,18_11_2021
United Kingdom,38073.0,201.0,8228.0,439633.0,50679073.0,46087958.0,13879311.0,17_11_2021
United Kingdom,36956.0,214.0,8477.0,398862.0,50645981.0,46065838.0,13494890.0,16_11_2021
United Kingdom,39796.0,47.0,8755.0,336683.0,50614550.0,46045964.0,13147333.0,15_11_2021
United Kingdom,36128.0,63.0,8596.0,257335.0,50582504.0,46027909.0,12860751.0,14_11_2021
United Kingdom,37669.0,157.0,8510.0,519837.0,50559566.0,46010861.0,12643402.0,13_11_2021
United Kingdom,39040.0,145.0,8648.0,414160.0,50526039.0,45986536.0,12181417.0,12_11_2021
United Kingdom,42590.0,195.0,8741.0,429857.0,50491701.0,45964488.0,11823643.0,11_11_2021
United Kingdom,39547.0,214.0,8894.0,699192.0,50455318.0,45942003.0,11452654.0,10_11_2021
United Kingdom,32785.0,262.0,8966.0,401329.0,50336130.0,45894237.0,10920416.0,09_11_2021
United Kingdom,32266.0,57.0,9016.0,331498.0,50296294.0,45873038.0,10580122.0,08_11_2021
United Kingdom,29843.0,62.0,8868.0,250335.0,50262735.0,45852677.0,10302544.0,07_11_2021
United Kingdom,30150.0,155.0,8848.0,484130.0,50236895.0,45838067.0,10092659.0,06_11_2021
United Kingdom,33810.0,193.0,9094.0,388827.0,50200147.0,45813567.0,9669777.0,05_11_2021
United Kingdom,36738.0,214.0,9294.0,398611.0,50156656.0,45790934.0,9347074.0,04_11_2021
United Kingdom,40803.0,217.0,9441.0,419041.0,50112925.0,45770452.0,9012676.0,03_11_2021
United Kingdom,33615.0,292.0,9656.0,364255.0,50071683.0,45752487.0,8652842.0,02_11_2021
United Kingdom,39935.0,40.0,9673.0,297852.0,50025020.0,45731565.0,8356172.0,01_11_2021
United Kingdom,37667.0,74.0,9428.0,204800.0,49987325.0,45712351.0,8115229.0,31_10_2021
United Kingdom,40726.0,166.0,9276.0,433867.0,49959923.0,45698902.0,7951280.0,30_10_2021
United Kingdom,43161.0,186.0,9224.0,348474.0,49923871.0,45673501.0,7578866.0,29_10_2021
United Kingdom,39091.0,166.0,9127.0,366081.0,49882904.0,45651222.0,7293638.0,28_10_2021
United Kingdom,44000.0,207.0,9049.0,355173.0,49838202.0,45627499.0,6995982.0,27_10_2021
United Kingdom,43503.0,263.0,8944.0,328582.0,49794120.0,45605922.0,6706468.0,26_10_2021
United Kingdom,36283.0,38.0,8828.0,304247.0,49753037.0,45582891.0,6442000.0,25_10_2021
United Kingdom,38740.0,72.0,8504.0,214334.0,49715228.0,45561445.0,6197008.0,24_10_2021
United Kingdom,44985.0,135.0,8335.0,440764.0,49689481.0,45543363.0,6026503.0,23_10_2021
United Kingdom,48791.0,180.0,8343.0,371105.0,49649389.0,45513120.0,5656074.0,22_10_2021
United Kingdom,51548.0,117.0,8359.0,687752.0,49603139.0,45486950.0,5357389.0,21_10_2021
United Kingdom,48599.0,179.0,8265.0,332539.0,49554407.0,45460122.0,4745197.0,20_10_2021
United Kingdom,43411.0,223.0,8009.0,307744.0,49505327.0,45433757.0,4488103.0,19_10_2021
United Kingdom,48855.0,45.0,7860.0,241456.0,49462425.0,45400990.0,4256028.0,18_10_2021
United Kingdom,44696.0,57.0,7492.0,153134.0,49422753.0,45377411.0,4077823.0,17_10_2021
United Kingdom,42818.0,148.0,7221.0,368682.0,49404916.0,45360146.0,3959791.0,16_10_2021
United Kingdom,44251.0,142.0,7195.0,291083.0,49375917.0,45326663.0,3653591.0,15_10_2021
United Kingdom,44619.0,157.0,7182.0,310497.0,49335154.0,45297231.0,3432703.0,14_10_2021
United Kingdom,41501.0,136.0,7124.0,530030.0,49291665.0,45269240.0,3193686.0,13_10_2021
United Kingdom,37717.0,181.0,7110.0,227111.0,49252939.0,45239759.0,2731863.0,12_10_2021
United Kingdom,39588.0,28.0,7082.0,177340.0,49216092.0,45212813.0,2568545.0,11_10_2021
United Kingdom,33593.0,38.0,6928.0,135033.0,49186920.0,45189181.0,2444009.0,10_10_2021
United Kingdom,39413.0,156.0,6756.0,315681.0,49164814.0,45169730.0,2350533.0,09_10_2021
United Kingdom,34941.0,125.0,6812.0,234681.0,49133419.0,45136253.0,2099724.0,08_10_2021
United Kingdom,39767.0,122.0,6834.0,239314.0,49101734.0,45107185.0,1925796.0,07_10_2021
United Kingdom,38713.0,145.0,6885.0,223501.0,49068705.0,45078529.0,1748167.0,06_10_2021
United Kingdom,33079.0,166.0,6900.0,226019.0,49035877.0,45049953.0,1586070.0,05_10_2021
United Kingdom,34306.0,33.0,6824.0,190885.0,48994530.0,45021381.0,1429970.0,04_10_2021
United Kingdom,29666.0,43.0,6633.0,135173.0,48956859.0,44992044.0,1306093.0,03_10_2021
United Kingdom,29389.0,121.0,6475.0,259918.0,48932736.0,44970512.0,1216575.0,02_10_2021
United Kingdom,34610.0,127.0,6624.0,226381.0,48901670.0,44936121.0,1022114.0,01_10_2021
United Kingdom,35773.0,137.0,6792.0,937033.0,48863490.0,44901832.0,868202.0,30_09_2021
United Kingdom,35089.0,150.0,6936.0,65632.0,48829118.0,44867373.0,0.0,29_09_2021
United Kingdom,34604.0,167.0,7050.0,65385.0,48797579.0,44833280.0,0.0,28_09_2021
United Kingdom,37510.0,40.0,7067.0,58096.0,48765726.0,44799748.0,0.0,27_09_2021
United Kingdom,32997.0,63.0,6836.0,41523.0,48740807.0,44766571.0,0.0,26_09_2021
United Kingdom,29746.0,122.0,6975.0,71414.0,48724823.0,44741032.0,0.0,25_09_2021
United Kingdom,35659.0,180.0,6929.0,72376.0,48700527.0,44693914.0,0.0,24_09_2021
United Kingdom,35798.0,182.0,7180.0,69671.0,48672910.0,44649155.0,0.0,23_09_2021
United Kingdom,33585.0,166.0,7430.0,66726.0,48647827.0,44604567.0,0.0,22_09_2021
United Kingdom,31128.0,203.0,7637.0,63790.0,48625148.0,44560520.0,0.0,21_09_2021
United Kingdom,35768.0,49.0,7810.0,66492.0,48604764.0,44517114.0,0.0,20_09_2021
United Kingdom,29007.0,56.0,7759.0,48997.0,48584614.0,44470772.0,0.0,19_09_2021
United Kingdom,29438.0,164.0,7707.0,98695.0,48570774.0,44435615.0,0.0,18_09_2021
United Kingdom,32338.0,179.0,7918.0,81162.0,48544576.0,44363118.0,0.0,17_09_2021
United Kingdom,26375.0,158.0,8125.0,87024.0,48523798.0,44302734.0,0.0,16_09_2021
United Kingdom,29879.0,201.0,8407.0,87692.0,48500747.0,44238761.0,0.0,15_09_2021
United Kingdom,26288.0,185.0,8401.0,84370.0,48476345.0,44175471.0,0.0,14_09_2021
United Kingdom,30385.0,62.0,8478.0,80081.0,48458700.0,44108746.0,0.0,13_09_2021
United Kingdom,28614.0,56.0,8255.0,67570.0,48439272.0,44048093.0,0.0,12_09_2021
United Kingdom,28856.0,156.0,8145.0,125972.0,48424317.0,43995478.0,0.0,11_09_2021
United Kingdom,36777.0,147.0,8317.0,117875.0,48396404.0,43897419.0,0.0,10_09_2021
United Kingdom,37521.0,167.0,8146.0,122476.0,48370340.0,43805608.0,0.0,09_09_2021
United Kingdom,38510.0,191.0,8137.0,113091.0,48344566.0,43708906.0,0.0,08_09_2021
United Kingdom,37225.0,209.0,7981.0,112472.0,48319435.0,43620946.0,0.0,07_09_2021
United Kingdom,40938.0,45.0,8037.0,102713.0,48292811.0,43535098.0,0.0,06_09_2021
United Kingdom,36515.0,68.0,7751.0,94988.0,48270113.0,43455083.0,0.0,05_09_2021
United Kingdom,36642.0,120.0,7556.0,169607.0,48248318.0,43381890.0,0.0,04_09_2021
United Kingdom,42114.0,121.0,7671.0,145856.0,48207264.0,43253337.0,0.0,03_09_2021
United Kingdom,37870.0,178.0,7622.0,159377.0,48171998.0,43142747.0,0.0,02_09_2021
United Kingdom,35534.0,207.0,7682.0,157473.0,48131996.0,43023372.0,0.0,01_09_2021
United Kingdom,32053.0,50.0,7678.0,159301.0,48087908.0,42909987.0,0.0,31_08_2021
United Kingdom,26227.0,48.0,7340.0,86291.0,48048009.0,42790585.0,0.0,30_08_2021
United Kingdom,32937.0,61.0,7111.0,103830.0,48028366.0,42723937.0,0.0,29_08_2021
United Kingdom,32087.0,133.0,6980.0,176959.0,48003976.0,42644497.0,0.0,28_08_2021
United Kingdom,37738.0,100.0,7086.0,176393.0,47960705.0,42510809.0,0.0,27_08_2021
United Kingdom,38002.0,141.0,7032.0,200076.0,47915768.0,42379353.0,0.0,26_08_2021
United Kingdom,35584.0,149.0,6987.0,229781.0,47860628.0,42234417.0,0.0,25_08_2021
United Kingdom,30653.0,174.0,6961.0,186086.0,47792552.0,42072712.0,0.0,24_08_2021
United Kingdom,31798.0,41.0,7019.0,177684.0,47737142.0,41942036.0,0.0,23_08_2021
United Kingdom,31976.0,49.0,6749.0,156697.0,47690741.0,41810753.0,0.0,22_08_2021
United Kingdom,31783.0,104.0,6531.0,267887.0,47650396.0,41694401.0,0.0,21_08_2021
United Kingdom,37038.0,114.0,6520.0,228277.0,47577390.0,41499520.0,0.0,20_08_2021
United Kingdom,36421.0,114.0,6509.0,231038.0,47516505.0,41332128.0,0.0,19_08_2021
United Kingdom,33646.0,111.0,6465.0,216507.0,47460526.0,41157069.0,0.0,18_08_2021
United Kingdom,26628.0,170.0,6407.0,189699.0,47413242.0,40987846.0,0.0,17_08_2021
United Kingdom,28278.0,26.0,6383.0,174106.0,47369418.0,40841971.0,0.0,16_08_2021
United Kingdom,26440.0,59.0,6046.0,157640.0,47333702.0,40703581.0,0.0,15_08_2021
United Kingdom,29153.0,93.0,5885.0,246187.0,47302445.0,40577198.0,0.0,14_08_2021
United Kingdom,32426.0,100.0,5988.0,212075.0,47255842.0,40377614.0,0.0,13_08_2021
United Kingdom,32763.0,95.0,5960.0,236943.0,47215352.0,40206029.0,0.0,12_08_2021
United Kingdom,29289.0,104.0,6005.0,215329.0,47170968.0,40013470.0,0.0,11_08_2021
United Kingdom,23339.0,146.0,6020.0,188654.0,47129400.0,39839709.0,0.0,10_08_2021
United Kingdom,24962.0,37.0,6018.0,169278.0,47091889.0,39688566.0,0.0,09_08_2021
United Kingdom,27117.0,39.0,5857.0,144913.0,47059639.0,39551538.0,0.0,08_08_2021
United Kingdom,28233.0,103.0,5704.0,251573.0,47036796.0,39429468.0,0.0,07_08_2021
United Kingdom,31482.0,92.0,5753.0,205332.0,46998806.0,39215885.0,0.0,06_08_2021
United Kingdom,29873.0,87.0,5755.0,208192.0,46961830.0,39047529.0,0.0,05_08_2021
United Kingdom,29000.0,120.0,5792.0,199003.0,46926330.0,38874837.0,0.0,04_08_2021
United Kingdom,21693.0,140.0,6006.0,172051.0,46892996.0,38709168.0,0.0,03_08_2021
United Kingdom,21687.0,24.0,6215.0,152284.0,46863706.0,38566407.0,0.0,02_08_2021
United Kingdom,24141.0,65.0,5982.0,139276.0,46837614.0,38440215.0,0.0,01_08_2021
United Kingdom,25760.0,72.0,5958.0,250840.0,46816382.0,38322171.0,0.0,31_07_2021
United Kingdom,29294.0,68.0,6019.0,207820.0,46777556.0,38110157.0,0.0,30_07_2021
United Kingdom,30724.0,85.0,5986.0,222271.0,46740832.0,37939061.0,0.0,29_07_2021
United Kingdom,25512.0,127.0,6107.0,215020.0,46698479.0,37759143.0,0.0,28_07_2021
United Kingdom,23362.0,131.0,6098.0,187052.0,46654632.0,37587970.0,0.0,27_07_2021
United Kingdom,24741.0,14.0,6004.0,178955.0,46619230.0,37436320.0,0.0,26_07_2021
United Kingdom,28656.0,28.0,5648.0,142507.0,46589211.0,37287384.0,0.0,25_07_2021
United Kingdom,31291.0,86.0,5379.0,247691.0,46564660.0,37169428.0,0.0,24_07_2021
United Kingdom,35841.0,64.0,5312.0,232315.0,46520855.0,36965542.0,0.0,23_07_2021
United Kingdom,39570.0,84.0,5102.0,232333.0,46477881.0,36776201.0,0.0,22_07_2021
United Kingdom,43623.0,73.0,4930.0,228439.0,46433845.0,36587904.0,0.0,21_07_2021
United Kingdom,46429.0,96.0,4742.0,200314.0,46388744.0,36404566.0,0.0,20_07_2021
United Kingdom,40394.0,19.0,4651.0,179230.0,46349709.0,36243287.0,0.0,19_07_2021
United Kingdom,47599.0,25.0,4347.0,147064.0,46314039.0,36099727.0,0.0,18_07_2021
United Kingdom,53980.0,41.0,4231.0,292431.0,46295853.0,35970849.0,0.0,17_07_2021
United Kingdom,51485.0,49.0,4151.0,271805.0,46228636.0,35745635.0,0.0,16_07_2021
United Kingdom,48173.0,63.0,4038.0,263574.0,46159145.0,35543321.0,0.0,15_07_2021
United Kingdom,41960.0,49.0,3857.0,246035.0,46097464.0,35341428.0,0.0,14_07_2021
United Kingdom,36443.0,50.0,3673.0,217349.0,46037090.0,35155767.0,0.0,13_07_2021
United Kingdom,34455.0,6.0,3458.0,179656.0,45978017.0,34997491.0,0.0,12_07_2021
United Kingdom,31352.0,26.0,3182.0,149620.0,45923721.0,34872131.0,0.0,11_07_2021
United Kingdom,31800.0,34.0,3036.0,305209.0,45881721.0,34764511.0,0.0,10_07_2021
United Kingdom,35504.0,29.0,2939.0,268902.0,45787958.0,34553065.0,0.0,09_07_2021
United Kingdom,32080.0,35.0,2768.0,271897.0,45697875.0,34374246.0,0.0,08_07_2021
United Kingdom,32048.0,33.0,2681.0,258430.0,45601445.0,34198779.0,0.0,07_07_2021
United Kingdom,28611.0,37.0,2486.0,238937.0,45514492.0,34027302.0,0.0,06_07_2021
United Kingdom,27100.0,9.0,2364.0,224776.0,45428681.0,33874176.0,0.0,05_07_2021
United Kingdom,23824.0,15.0,2178.0,188632.0,45351719.0,33726362.0,0.0,04_07_2021
United Kingdom,24447.0,18.0,2058.0,333598.0,45274497.0,33614952.0,0.0,03_07_2021
United Kingdom,26773.0,27.0,2014.0,301083.0,45137108.0,33418743.0,0.0,02_07_2021
United Kingdom,27621.0,22.0,1937.0,345591.0,45013503.0,33241265.0,0.0,01_07_2021
United Kingdom,25667.0,14.0,1827.0,316965.0,44860978.0,33048199.0,0.0,30_06_2021
United Kingdom,20252.0,23.0,1748.0,288679.0,44719762.0,32872450.0,0.0,29_06_2021
United Kingdom,22717.0,3.0,1745.0,265276.0,44581771.0,32721762.0,0.0,28_06_2021
United Kingdom,14624.0,11.0,1607.0,263267.0,44454511.0,32583746.0,0.0,27_06_2021
United Kingdom,17944.0,23.0,1546.0,433946.0,44314799.0,32460191.0,0.0,26_06_2021
United Kingdom,15364.0,18.0,1539.0,377267.0,44080358.0,32260686.0,0.0,25_06_2021
United Kingdom,16702.0,21.0,1518.0,399347.0,43877861.0,32085916.0,0.0,24_06_2021
United Kingdom,15882.0,19.0,1497.0,375635.0,43656327.0,31908103.0,0.0,23_06_2021
United Kingdom,11503.0,27.0,1543.0,550712.0,43448680.0,31740115.0,0.0,22_06_2021
United Kingdom,10467.0,5.0,1519.0,60405.0,43148843.0,31489240.0,0.0,21_06_2021
United Kingdom,9074.0,6.0,1385.0,273158.0,43127763.0,31449915.0,0.0,20_06_2021
United Kingdom,10075.0,14.0,1350.0,516604.0,42964013.0,31340507.0,0.0,19_06_2021
United Kingdom,10272.0,11.0,1365.0,428817.0,42683772.0,31104144.0,0.0,18_06_2021
United Kingdom,10821.0,19.0,1323.0,467238.0,42460632.0,30898467.0,0.0,17_06_2021
United Kingdom,8808.0,9.0,1258.0,430399.0,42216654.0,30675207.0,0.0,16_06_2021
United Kingdom,7587.0,10.0,1233.0,420699.0,42021089.0,30440373.0,0.0,15_06_2021
United Kingdom,7619.0,3.0,1182.0,368555.0,41831056.0,30209707.0,0.0,14_06_2021
United Kingdom,7330.0,8.0,1141.0,328349.0,41698429.0,29973779.0,0.0,13_06_2021
United Kingdom,7550.0,12.0,1106.0,574511.0,41551201.0,29792658.0,0.0,12_06_2021
United Kingdom,7958.0,17.0,1077.0,515723.0,41297016.0,29472332.0,0.0,11_06_2021
United Kingdom,7237.0,7.0,1095.0,509645.0,41088485.0,29165140.0,0.0,10_06_2021
United Kingdom,7319.0,6.0,1064.0,492817.0,40886878.0,28857102.0,0.0,09_06_2021
United Kingdom,5966.0,13.0,1057.0,450284.0,40710319.0,28540844.0,0.0,08_06_2021
United Kingdom,5594.0,1.0,1035.0,419009.0,40573517.0,28227362.0,0.0,07_06_2021
United Kingdom,5223.0,4.0,964.0,387286.0,40460576.0,27921294.0,0.0,06_06_2021
United Kingdom,5651.0,13.0,938.0,676991.0,40333231.0,27661353.0,0.0,05_06_2021
United Kingdom,6140.0,11.0,965.0,567955.0,40129618.0,27187975.0,0.0,04_06_2021
United Kingdom,5179.0,18.0,938.0,568907.0,39949694.0,26799944.0,0.0,03_06_2021
United Kingdom,4261.0,12.0,961.0,521782.0,39758428.0,26422303.0,0.0,02_06_2021
United Kingdom,3099.0,0.0,930.0,447072.0,39585665.0,26073284.0,0.0,01_06_2021
United Kingdom,3284.0,1.0,929.0,288649.0,39477158.0,25734719.0,0.0,31_05_2021
United Kingdom,3111.0,6.0,907.0,331209.0,39384055.0,25539173.0,0.0,30_05_2021
United Kingdom,3240.0,7.0,887.0,602374.0,39259168.0,25332851.0,0.0,29_05_2021
United Kingdom,4028.0,10.0,886.0,640393.0,39075642.0,24914003.0,0.0,28_05_2021
United Kingdom,3380.0,10.0,872.0,690613.0,38871200.0,24478052.0,0.0,27_05_2021
United Kingdom,2987.0,9.0,895.0,663577.0,38614683.0,24043956.0,0.0,26_05_2021
United Kingdom,2410.0,15.0,921.0,574134.0,38378564.0,23616498.0,0.0,25_05_2021
United Kingdom,2368.0,3.0,960.0,455334.0,38192417.0,23228511.0,0.0,24_05_2021
United Kingdom,2092.0,5.0,924.0,378496.0,38070038.0,22895556.0,0.0,23_05_2021
United Kingdom,2523.0,6.0,887.0,762361.0,37943681.0,22643417.0,0.0,22_05_2021
United Kingdom,2702.0,9.0,922.0,646340.0,37738271.0,22086466.0,0.0,21_05_2021
United Kingdom,2694.0,7.0,912.0,688563.0,37518614.0,21659783.0,0.0,20_05_2021
United Kingdom,2135.0,3.0,918.0,633876.0,37250363.0,21239471.0,0.0,19_05_2021
United Kingdom,-2364.0,7.0,898.0,498101.0,36985505.0,20870453.0,0.0,18_05_2021
United Kingdom,1981.0,5.0,943.0,365782.0,36811405.0,20546452.0,0.0,17_05_2021
United Kingdom,1926.0,4.0,941.0,315063.0,36704672.0,20287403.0,0.0,16_05_2021
United Kingdom,2027.0,7.0,966.0,628577.0,36573354.0,20103658.0,0.0,15_05_2021
United Kingdom,2193.0,17.0,976.0,613470.0,36336023.0,19712412.0,0.0,14_05_2021
United Kingdom,2656.0,11.0,1001.0,637325.0,36115955.0,19319010.0,0.0,13_05_2021
United Kingdom,2284.0,11.0,1068.0,636647.0,35906671.0,18890969.0,0.0,12_05_2021
United Kingdom,2474.0,20.0,1106.0,485260.0,35722461.0,18438532.0,0.0,11_05_2021
United Kingdom,2358.0,4.0,1129.0,346888.0,35587348.0,18088385.0,0.0,10_05_2021
United Kingdom,1770.0,2.0,1118.0,287797.0,35472295.0,17856550.0,0.0,09_05_2021
United Kingdom,2047.0,5.0,1137.0,607864.0,35371669.0,17669379.0,0.0,08_05_2021
United Kingdom,2490.0,15.0,1157.0,598823.0,35202642.0,17230542.0,0.0,07_05_2021
United Kingdom,2613.0,13.0,1159.0,608471.0,35069641.0,16764720.0,0.0,06_05_2021
United Kingdom,2144.0,27.0,1239.0,543323.0,34934171.0,16291719.0,0.0,05_05_2021
United Kingdom,1947.0,4.0,1295.0,384656.0,34795074.0,15887493.0,0.0,04_05_2021
United Kingdom,1649.0,1.0,1303.0,200099.0,34667904.0,15630007.0,0.0,03_05_2021
United Kingdom,1671.0,14.0,1285.0,262815.0,34595304.0,15502508.0,0.0,02_05_2021
United Kingdom,1907.0,7.0,1287.0,515479.0,34505380.0,15329617.0,0.0,01_05_2021
United Kingdom,2381.0,15.0,1366.0,567374.0,34362205.0,14957313.0,0.0,30_04_2021
United Kingdom,2445.0,22.0,1464.0,614135.0,34216616.0,14535528.0,0.0,29_04_2021
United Kingdom,2110.0,29.0,1515.0,597025.0,34094048.0,14043961.0,0.0,28_04_2021
United Kingdom,2685.0,17.0,1572.0,495593.0,33959908.0,13581076.0,0.0,27_04_2021
United Kingdom,2064.0,6.0,1649.0,395383.0,33843580.0,13201811.0,0.0,26_04_2021
United Kingdom,1712.0,11.0,1626.0,340496.0,33752885.0,12897123.0,0.0,25_04_2021
United Kingdom,2061.0,32.0,1673.0,696403.0,33673190.0,12636322.0,0.0,24_04_2021
United Kingdom,2734.0,40.0,1749.0,600801.0,33524423.0,12088686.0,0.0,23_04_2021
United Kingdom,2728.0,18.0,1791.0,562056.0,33388637.0,11623671.0,0.0,22_04_2021
United Kingdom,2398.0,20.0,1893.0,534693.0,33257651.0,11192601.0,0.0,21_04_2021
United Kingdom,2524.0,33.0,1926.0,457649.0,33139742.0,10775817.0,0.0,20_04_2021
United Kingdom,2963.0,4.0,2007.0,373423.0,33032120.0,10425790.0,0.0,19_04_2021
United Kingdom,1882.0,10.0,1983.0,304418.0,32932448.0,10152039.0,0.0,18_04_2021
United Kingdom,2206.0,35.0,2035.0,639080.0,32849223.0,9930846.0,0.0,17_04_2021
United Kingdom,2756.0,34.0,2140.0,635221.0,32709778.0,9431211.0,0.0,16_04_2021
United Kingdom,2671.0,30.0,2195.0,547465.0,32574221.0,8931547.0,0.0,15_04_2021
United Kingdom,2491.0,38.0,2295.0,461618.0,32444439.0,8513864.0,0.0,14_04_2021
United Kingdom,2473.0,23.0,2409.0,388808.0,32326604.0,8170081.0,0.0,13_04_2021
United Kingdom,3568.0,13.0,2493.0,261096.0,32250481.0,7857396.0,0.0,12_04_2021
United Kingdom,1730.0,7.0,2550.0,258888.0,32190576.0,7656205.0,0.0,11_04_2021
United Kingdom,2584.0,40.0,2651.0,586339.0,32121353.0,7466540.0,0.0,10_04_2021
United Kingdom,-4860.0,60.0,2793.0,557014.0,32010244.0,6991310.0,0.0,09_04_2021
United Kingdom,3030.0,53.0,2872.0,545511.0,31903366.0,6541174.0,0.0,08_04_2021
United Kingdom,2762.0,45.0,3019.0,507926.0,31807124.0,6091905.0,0.0,07_04_2021
United Kingdom,2380.0,20.0,3143.0,272020.0,31707594.0,5683509.0,0.0,06_04_2021
United Kingdom,2762.0,26.0,3255.0,105334.0,31622367.0,5496716.0,0.0,05_04_2021
United Kingdom,2297.0,10.0,3229.0,95763.0,31581623.0,5432126.0,0.0,04_04_2021
United Kingdom,3423.0,10.0,3244.0,286799.0,31533568.0,5384418.0,0.0,03_04_2021
United Kingdom,3402.0,52.0,3376.0,354051.0,31425682.0,5205505.0,0.0,02_04_2021
United Kingdom,4479.0,51.0,3557.0,616234.0,31318262.0,4958874.0,0.0,01_04_2021
United Kingdom,4052.0,43.0,3742.0,627008.0,31147444.0,4513458.0,0.0,31_03_2021
United Kingdom,4043.0,55.0,3976.0,503599.0,30908010.0,4125884.0,0.0,30_03_2021
United Kingdom,4654.0,23.0,4197.0,405039.0,30682093.0,3848202.0,0.0,29_03_2021
United Kingdom,3862.0,19.0,4185.0,441142.0,30445284.0,3679972.0,0.0,28_03_2021
United Kingdom,3865.0,58.0,4436.0,663162.0,30151736.0,3532378.0,0.0,27_03_2021
United Kingdom,6187.0,70.0,4485.0,694959.0,29727435.0,3293517.0,0.0,26_03_2021
United Kingdom,6220.0,63.0,4583.0,559324.0,29316130.0,3009863.0,0.0,25_03_2021
United Kingdom,5604.0,98.0,4880.0,580307.0,28991188.0,2775481.0,0.0,24_03_2021
United Kingdom,5380.0,112.0,5150.0,494805.0,28653523.0,2532839.0,0.0,23_03_2021
United Kingdom,5342.0,17.0,5431.0,412197.0,28327873.0,2363684.0,0.0,22_03_2021
United Kingdom,5312.0,33.0,5448.0,419618.0,27997976.0,2281384.0,0.0,21_03_2021
United Kingdom,5587.0,96.0,5567.0,844285.0,27630970.0,2228772.0,0.0,20_03_2021
United Kingdom,4802.0,100.0,5880.0,740655.0,26878662.0,2136795.0,0.0,19_03_2021
United Kingdom,6303.0,95.0,6150.0,660276.0,26263732.0,2011070.0,0.0,18_03_2021
United Kingdom,5758.0,141.0,6585.0,581855.0,25735472.0,1879054.0,0.0,17_03_2021
United Kingdom,5295.0,110.0,6847.0,529119.0,25273226.0,1759445.0,0.0,16_03_2021
United Kingdom,5090.0,64.0,7208.0,440051.0,24839906.0,1663646.0,0.0,15_03_2021
United Kingdom,4618.0,52.0,7316.0,282381.0,24453221.0,1610280.0,0.0,14_03_2021
United Kingdom,5534.0,121.0,7384.0,564263.0,24196211.0,1584909.0,0.0,13_03_2021
United Kingdom,6609.0,175.0,7728.0,457254.0,23684103.0,1532754.0,0.0,12_03_2021
United Kingdom,6753.0,181.0,8066.0,354372.0,23314525.0,1445078.0,0.0,11_03_2021
United Kingdom,5926.0,190.0,8436.0,341049.0,23053716.0,1351515.0,0.0,10_03_2021
United Kingdom,5767.0,231.0,9009.0,290223.0,22809829.0,1254353.0,0.0,09_03_2021
United Kingdom,4713.0,65.0,9474.0,254061.0,22592528.0,1181431.0,0.0,08_03_2021
United Kingdom,5177.0,82.0,9459.0,184384.0,22377255.0,1142643.0,0.0,07_03_2021
United Kingdom,6039.0,158.0,9711.0,448396.0,22213112.0,1122402.0,0.0,06_03_2021
United Kingdom,5946.0,236.0,10312.0,494235.0,21796278.0,1090840.0,0.0,05_03_2021
United Kingdom,6574.0,242.0,10933.0,446450.0,21358815.0,1034068.0,0.0,04_03_2021
United Kingdom,6386.0,487.0,11523.0,347406.0,20982571.0,963862.0,0.0,03_03_2021
United Kingdom,6392.0,343.0,12139.0,276310.0,20703615.0,895412.0,0.0,02_03_2021
United Kingdom,5455.0,104.0,12894.0,231450.0,20478619.0,844098.0,0.0,01_03_2021
United Kingdom,6039.0,144.0,12788.0,205584.0,20275451.0,815816.0,0.0,28_02_2021
United Kingdom,7435.0,290.0,13269.0,434825.0,20089551.0,796132.0,0.0,27_02_2021
United Kingdom,8524.0,345.0,14077.0,537266.0,19682048.0,768810.0,0.0,26_02_2021
United Kingdom,9986.0,323.0,14849.0,521039.0,19177555.0,736037.0,0.0,25_02_2021
United Kingdom,9939.0,443.0,15534.0,480575.0,18691835.0,700718.0,0.0,24_02_2021
United Kingdom,8489.0,548.0,16115.0,353009.0,18242873.0,669105.0,0.0,23_02_2021
United Kingdom,10645.0,177.0,16855.0,210804.0,17916181.0,642788.0,0.0,22_02_2021
United Kingdom,9835.0,215.0,16857.0,150896.0,17723840.0,624325.0,0.0,21_02_2021
United Kingdom,10408.0,445.0,17042.0,344942.0,17582121.0,615148.0,0.0,20_02_2021
United Kingdom,12034.0,533.0,17860.0,387200.0,17247442.0,604885.0,0.0,19_02_2021
United Kingdom,12060.0,454.0,18522.0,468321.0,16875536.0,589591.0,0.0,18_02_2021
United Kingdom,12721.0,738.0,19449.0,497257.0,16423082.0,573724.0,0.0,17_02_2021
United Kingdom,10630.0,799.0,20215.0,377277.0,15940972.0,558577.0,0.0,16_02_2021
United Kingdom,9770.0,232.0,20994.0,282491.0,15576107.0,546165.0,0.0,15_02_2021
United Kingdom,10982.0,258.0,21054.0,239877.0,15300151.0,539630.0,0.0,14_02_2021
United Kingdom,13316.0,621.0,20970.0,508208.0,15062189.0,537715.0,0.0,13_02_2021
United Kingdom,15163.0,758.0,22324.0,549378.0,14556827.0,534869.0,0.0,12_02_2021
United Kingdom,13505.0,678.0,23411.0,508763.0,14012224.0,530094.0,0.0,11_02_2021
United Kingdom,13024.0,1001.0,24417.0,455704.0,13509108.0,524447.0,0.0,10_02_2021
United Kingdom,12385.0,1052.0,25689.0,414973.0,13058298.0,519553.0,0.0,09_02_2021
United Kingdom,14126.0,333.0,26744.0,356291.0,12646486.0,516392.0,0.0,08_02_2021
United Kingdom,15856.0,373.0,26800.0,279850.0,12294006.0,512581.0,0.0,07_02_2021
United Kingdom,18285.0,828.0,26914.0,551470.0,12015018.0,511719.0,0.0,06_02_2021
United Kingdom,19160.0,1014.0,28383.0,498227.0,11465210.0,510057.0,0.0,05_02_2021
United Kingdom,20674.0,915.0,29413.0,484596.0,10971047.0,505993.0,0.0,04_02_2021
United Kingdom,19202.0,1322.0,30604.0,472011.0,10490487.0,501957.0,0.0,03_02_2021
United Kingdom,16879.0,1450.0,31766.0,376922.0,10021471.0,498962.0,0.0,02_02_2021
United Kingdom,18653.0,406.0,32960.0,352935.0,9646715.0,496796.0,0.0,01_02_2021
United Kingdom,21140.0,587.0,32586.0,322194.0,9296367.0,494209.0,0.0,31_01_2021
United Kingdom,23360.0,1203.0,33015.0,609010.0,8977329.0,491053.0,0.0,30_01_2021
United Kingdom,29079.0,1245.0,33847.0,489934.0,8378940.0,480432.0,0.0,29_01_2021
United Kingdom,28709.0,1239.0,34909.0,416188.0,7891184.0,478254.0,0.0,28_01_2021
United Kingdom,25334.0,1725.0,35513.0,314707.0,7476765.0,476485.0,0.0,27_01_2021
United Kingdom,20101.0,1631.0,37101.0,312770.0,7164387.0,474156.0,0.0,26_01_2021
United Kingdom,22218.0,592.0,37756.0,281725.0,6853327.0,472446.0,0.0,25_01_2021
United Kingdom,30037.0,610.0,37730.0,221067.0,6573570.0,470478.0,0.0,24_01_2021
United Kingdom,33568.0,1349.0,37398.0,493013.0,6353321.0,469660.0,0.0,23_01_2021
United Kingdom,40268.0,1401.0,38258.0,480069.0,5861351.0,468617.0,0.0,22_01_2021
United Kingdom,37901.0,1290.0,38059.0,412615.0,5383103.0,466796.0,0.0,21_01_2021
United Kingdom,38917.0,1820.0,38739.0,366919.0,4973248.0,464036.0,0.0,20_01_2021
United Kingdom,33371.0,1610.0,38846.0,346922.0,4609740.0,460625.0,0.0,19_01_2021
United Kingdom,37542.0,599.0,39254.0,208641.0,4266577.0,456866.0,0.0,18_01_2021
United Kingdom,38605.0,673.0,38169.0,192346.0,4062501.0,452301.0,0.0,17_01_2021
United Kingdom,41345.0,1295.0,37715.0,298751.0,3872394.0,450062.0,0.0,16_01_2021
United Kingdom,55777.0,1280.0,38133.0,345525.0,3576263.0,447442.0,0.0,15_01_2021
United Kingdom,48695.0,1248.0,37692.0,321951.0,3234946.0,443234.0,0.0,14_01_2021
United Kingdom,47539.0,1565.0,37487.0,288688.0,2918252.0,437977.0,0.0,13_01_2021
United Kingdom,45544.0,1245.0,36981.0,223726.0,2639309.0,428232.0,0.0,12_01_2021
United Kingdom,46191.0,529.0,36751.0,165844.0,2431648.0,412167.0,0.0,11_01_2021
United Kingdom,54957.0,563.0,35391.0,0.0,2286572.0,391399.0,0.0,10_01_2021
United Kingdom,59974.0,1035.0,34032.0,0.0,0.0,0.0,0.0,09_01_2021
United Kingdom,68066.0,1331.0,33778.0,0.0,0.0,0.0,0.0,08_01_2021
United Kingdom,52634.0,1162.0,32583.0,0.0,0.0,0.0,0.0,07_01_2021
United Kingdom,62352.0,1041.0,31946.0,0.0,0.0,0.0,0.0,06_01_2021
United Kingdom,60938.0,878.0,30686.0,0.0,0.0,0.0,0.0,05_01_2021
United Kingdom,58805.0,410.0,30775.0,0.0,0.0,0.0,0.0,04_01_2021
United Kingdom,55052.0,454.0,29033.0,0.0,0.0,0.0,0.0,03_01_2021
United Kingdom,57724.0,445.0,27561.0,0.0,0.0,0.0,0.0,02_01_2021
United Kingdom,53286.0,615.0,26389.0,0.0,0.0,0.0,0.0,01_01_2021
United Kingdom,55926.0,964.0,26577.0,0.0,0.0,0.0,0.0,31_12_2020
United Kingdom,50043.0,982.0,26551.0,0.0,0.0,0.0,0.0,30_12_2020
United Kingdom,53150.0,458.0,25549.0,0.0,0.0,0.0,0.0,29_12_2020
United Kingdom,41414.0,357.0,24049.0,0.0,0.0,0.0,0.0,28_12_2020
United Kingdom,32420.0,347.0,22764.0,0.0,0.0,0.0,0.0,27_12_2020
United Kingdom,34693.0,210.0,21730.0,0.0,0.0,0.0,0.0,26_12_2020
United Kingdom,32725.0,570.0,20918.0,0.0,0.0,0.0,0.0,25_12_2020
United Kingdom,39059.0,575.0,21577.0,0.0,0.0,0.0,0.0,24_12_2020
United Kingdom,39318.0,748.0,21222.0,0.0,0.0,0.0,0.0,23_12_2020
United Kingdom,36841.0,691.0,21488.0,0.0,0.0,0.0,0.0,22_12_2020
United Kingdom,33473.0,215.0,21133.0,0.0,0.0,0.0,0.0,21_12_2020
United Kingdom,36031.0,326.0,20004.0,0.0,0.0,0.0,0.0,20_12_2020
United Kingdom,27189.0,537.0,19463.0,0.0,0.0,0.0,0.0,19_12_2020
United Kingdom,28507.0,490.0,19117.0,0.0,0.0,0.0,0.0,18_12_2020
United Kingdom,35480.0,532.0,18970.0,0.0,0.0,0.0,0.0,17_12_2020
United Kingdom,25261.0,612.0,18671.0,0.0,0.0,0.0,0.0,16_12_2020
United Kingdom,18510.0,506.0,18216.0,0.0,0.0,0.0,0.0,15_12_2020
United Kingdom,20327.0,232.0,18246.0,0.0,0.0,0.0,0.0,14_12_2020
United Kingdom,18538.0,144.0,17538.0,0.0,0.0,0.0,0.0,13_12_2020
United Kingdom,21552.0,520.0,16909.0,0.0,0.0,0.0,0.0,12_12_2020
United Kingdom,21754.0,424.0,16885.0,0.0,0.0,0.0,0.0,11_12_2020
United Kingdom,21022.0,516.0,16723.0,0.0,0.0,0.0,0.0,10_12_2020
United Kingdom,16616.0,533.0,16331.0,0.0,0.0,0.0,0.0,09_12_2020
United Kingdom,12353.0,599.0,16477.0,0.0,0.0,0.0,0.0,08_12_2020
United Kingdom,14749.0,189.0,16415.0,0.0,0.0,0.0,0.0,07_12_2020
United Kingdom,17367.0,231.0,15960.0,0.0,0.0,0.0,0.0,06_12_2020
United Kingdom,15562.0,397.0,15688.0,0.0,0.0,0.0,0.0,05_12_2020
United Kingdom,16366.0,504.0,15727.0,0.0,0.0,0.0,0.0,04_12_2020
United Kingdom,14939.0,414.0,15658.0,0.0,0.0,0.0,0.0,03_12_2020
United Kingdom,16226.0,648.0,15977.0,0.0,0.0,0.0,0.0,02_12_2020
United Kingdom,13471.0,603.0,16312.0,0.0,0.0,0.0,0.0,01_12_2020
United Kingdom,12411.0,203.0,16565.0,0.0,0.0,0.0,0.0,30_11_2020
United Kingdom,12155.0,215.0,16313.0,0.0,0.0,0.0,0.0,29_11_2020
United Kingdom,15871.0,479.0,15985.0,0.0,0.0,0.0,0.0,28_11_2020
United Kingdom,14810.0,520.0,16571.0,0.0,0.0,0.0,0.0,27_11_2020
United Kingdom,17555.0,498.0,16762.0,0.0,0.0,0.0,0.0,26_11_2020
United Kingdom,18236.0,695.0,17132.0,0.0,0.0,0.0,0.0,25_11_2020
United Kingdom,11329.0,608.0,17424.0,0.0,0.0,0.0,0.0,24_11_2020
United Kingdom,15450.0,206.0,17681.0,0.0,0.0,0.0,0.0,23_11_2020
United Kingdom,18662.0,398.0,17264.0,0.0,0.0,0.0,0.0,22_11_2020
United Kingdom,19889.0,340.0,17063.0,0.0,0.0,0.0,0.0,21_11_2020
United Kingdom,20253.0,511.0,17184.0,0.0,0.0,0.0,0.0,20_11_2020
United Kingdom,22926.0,501.0,17459.0,0.0,0.0,0.0,0.0,19_11_2020
United Kingdom,19631.0,529.0,17486.0,0.0,0.0,0.0,0.0,18_11_2020
United Kingdom,20051.0,598.0,17439.0,0.0,0.0,0.0,0.0,17_11_2020
United Kingdom,21406.0,213.0,17313.0,0.0,0.0,0.0,0.0,16_11_2020
United Kingdom,24962.0,168.0,16864.0,0.0,0.0,0.0,0.0,15_11_2020
United Kingdom,26860.0,462.0,16299.0,0.0,0.0,0.0,0.0,14_11_2020
United Kingdom,27301.0,376.0,16236.0,0.0,0.0,0.0,0.0,13_11_2020
United Kingdom,33487.0,563.0,15879.0,0.0,0.0,0.0,0.0,12_11_2020
United Kingdom,22964.0,595.0,15666.0,0.0,0.0,0.0,0.0,11_11_2020
United Kingdom,20433.0,532.0,14964.0,0.0,0.0,0.0,0.0,10_11_2020
United Kingdom,21380.0,194.0,15141.0,0.0,0.0,0.0,0.0,09_11_2020
United Kingdom,20572.0,156.0,14546.0,0.0,0.0,0.0,0.0,08_11_2020
United Kingdom,24957.0,413.0,14314.0,0.0,0.0,0.0,0.0,07_11_2020
United Kingdom,23303.0,355.0,13958.0,0.0,0.0,0.0,0.0,06_11_2020
United Kingdom,24150.0,378.0,13796.0,0.0,0.0,0.0,0.0,05_11_2020
United Kingdom,25191.0,492.0,13817.0,0.0,0.0,0.0,0.0,04_11_2020
United Kingdom,20052.0,397.0,13749.0,0.0,0.0,0.0,0.0,03_11_2020
United Kingdom,18954.0,136.0,13105.0,0.0,0.0,0.0,0.0,02_11_2020
United Kingdom,23254.0,162.0,12230.0,0.0,0.0,0.0,0.0,01_11_2020
United Kingdom,21915.0,326.0,12310.0,0.0,0.0,0.0,0.0,31_10_2020
United Kingdom,24410.0,274.0,11788.0,0.0,0.0,0.0,0.0,30_10_2020
United Kingdom,23068.0,280.0,11583.0,0.0,0.0,0.0,0.0,29_10_2020
United Kingdom,24711.0,310.0,11434.0,0.0,0.0,0.0,0.0,28_10_2020
United Kingdom,22911.0,367.0,10938.0,0.0,0.0,0.0,0.0,27_10_2020
United Kingdom,20891.0,102.0,10108.0,0.0,0.0,0.0,0.0,26_10_2020
United Kingdom,19790.0,151.0,9786.0,0.0,0.0,0.0,0.0,25_10_2020
United Kingdom,23012.0,174.0,9262.0,0.0,0.0,0.0,0.0,24_10_2020
United Kingdom,20542.0,224.0,8886.0,0.0,0.0,0.0,0.0,23_10_2020
United Kingdom,21247.0,189.0,8311.0,0.0,0.0,0.0,0.0,22_10_2020
United Kingdom,26694.0,191.0,8132.0,0.0,0.0,0.0,0.0,21_10_2020
United Kingdom,21331.0,241.0,7852.0,0.0,0.0,0.0,0.0,20_10_2020
United Kingdom,18822.0,80.0,7334.0,0.0,0.0,0.0,0.0,19_10_2020
United Kingdom,16981.0,67.0,6829.0,0.0,0.0,0.0,0.0,18_10_2020
United Kingdom,16171.0,150.0,6545.0,0.0,0.0,0.0,0.0,17_10_2020
United Kingdom,15635.0,136.0,6296.0,0.0,0.0,0.0,0.0,16_10_2020
United Kingdom,18981.0,138.0,5933.0,0.0,0.0,0.0,0.0,15_10_2020
United Kingdom,19728.0,137.0,5598.0,0.0,0.0,0.0,0.0,14_10_2020
United Kingdom,17236.0,143.0,5293.0,0.0,0.0,0.0,0.0,13_10_2020
United Kingdom,14010.0,50.0,4959.0,0.0,0.0,0.0,0.0,12_10_2020
United Kingdom,12872.0,65.0,4670.0,0.0,0.0,0.0,0.0,11_10_2020
United Kingdom,15165.0,81.0,4358.0,0.0,0.0,0.0,0.0,10_10_2020
United Kingdom,13864.0,87.0,4170.0,0.0,0.0,0.0,0.0,09_10_2020
United Kingdom,17541.0,77.0,4085.0,0.0,0.0,0.0,0.0,08_10_2020
United Kingdom,14165.0,70.0,3893.0,0.0,0.0,0.0,0.0,07_10_2020
United Kingdom,14551.0,76.0,3642.0,0.0,0.0,0.0,0.0,06_10_2020
United Kingdom,12601.0,19.0,3370.0,0.0,0.0,0.0,0.0,05_10_2020
United Kingdom,22961.0,33.0,3056.0,0.0,0.0,0.0,0.0,04_10_2020
United Kingdom,12872.0,49.0,2867.0,0.0,0.0,0.0,0.0,03_10_2020
United Kingdom,6980.0,66.0,2723.0,0.0,0.0,0.0,0.0,02_10_2020
United Kingdom,6914.0,59.0,2592.0,0.0,0.0,0.0,0.0,01_10_2020
United Kingdom,7109.0,71.0,2530.0,0.0,0.0,0.0,0.0,30_09_2020
United Kingdom,7143.0,71.0,2420.0,0.0,0.0,0.0,0.0,29_09_2020
United Kingdom,4052.0,13.0,2399.0,0.0,0.0,0.0,0.0,28_09_2020
United Kingdom,5692.0,17.0,2188.0,0.0,0.0,0.0,0.0,27_09_2020
United Kingdom,6041.0,35.0,2033.0,0.0,0.0,0.0,0.0,26_09_2020
United Kingdom,6874.0,34.0,2020.0,0.0,0.0,0.0,0.0,25_09_2020
United Kingdom,6635.0,40.0,1846.0,0.0,0.0,0.0,0.0,24_09_2020
United Kingdom,6180.0,37.0,1730.0,0.0,0.0,0.0,0.0,23_09_2020
United Kingdom,4926.0,37.0,1636.0,0.0,0.0,0.0,0.0,22_09_2020
United Kingdom,4376.0,11.0,1558.0,0.0,0.0,0.0,0.0,21_09_2020
United Kingdom,3899.0,18.0,1398.0,0.0,0.0,0.0,0.0,20_09_2020
United Kingdom,4422.0,27.0,1300.0,0.0,0.0,0.0,0.0,19_09_2020
United Kingdom,4322.0,27.0,1221.0,0.0,0.0,0.0,0.0,18_09_2020
United Kingdom,3400.0,21.0,1162.0,0.0,0.0,0.0,0.0,17_09_2020
United Kingdom,3991.0,20.0,1106.0,0.0,0.0,0.0,0.0,16_09_2020
United Kingdom,3109.0,27.0,1066.0,0.0,0.0,0.0,0.0,15_09_2020
United Kingdom,2621.0,9.0,982.0,0.0,0.0,0.0,0.0,14_09_2020
United Kingdom,3330.0,5.0,843.0,0.0,0.0,0.0,0.0,13_09_2020
United Kingdom,3497.0,9.0,812.0,0.0,0.0,0.0,0.0,12_09_2020
United Kingdom,3541.0,6.0,770.0,0.0,0.0,0.0,0.0,11_09_2020
United Kingdom,2919.0,14.0,944.0,0.0,0.0,0.0,0.0,10_09_2020
United Kingdom,2661.0,8.0,924.0,0.0,0.0,0.0,0.0,09_09_2020
United Kingdom,2461.0,32.0,894.0,0.0,0.0,0.0,0.0,08_09_2020
United Kingdom,2950.0,3.0,902.0,0.0,0.0,0.0,0.0,07_09_2020
United Kingdom,2983.0,2.0,817.0,0.0,0.0,0.0,0.0,06_09_2020
United Kingdom,1813.0,12.0,812.0,0.0,0.0,0.0,0.0,05_09_2020
United Kingdom,1940.0,10.0,818.0,0.0,0.0,0.0,0.0,04_09_2020
United Kingdom,1735.0,13.0,817.0,0.0,0.0,0.0,0.0,03_09_2020
United Kingdom,1509.0,10.0,803.0,0.0,0.0,0.0,0.0,02_09_2020
United Kingdom,1300.0,3.0,861.0,0.0,0.0,0.0,0.0,01_09_2020
United Kingdom,1406.0,2.0,854.0,0.0,0.0,0.0,0.0,31_08_2020
United Kingdom,1715.0,1.0,831.0,0.0,0.0,0.0,0.0,30_08_2020
United Kingdom,1108.0,12.0,833.0,0.0,0.0,0.0,0.0,29_08_2020
United Kingdom,1278.0,9.0,818.0,0.0,0.0,0.0,0.0,28_08_2020
United Kingdom,1522.0,12.0,840.0,0.0,0.0,0.0,0.0,27_08_2020
United Kingdom,1051.0,16.0,829.0,0.0,0.0,0.0,0.0,26_08_2020
United Kingdom,1188.0,16.0,844.0,0.0,0.0,0.0,0.0,25_08_2020
United Kingdom,974.0,4.0,876.0,0.0,0.0,0.0,0.0,24_08_2020
United Kingdom,1041.0,6.0,870.0,0.0,0.0,0.0,0.0,23_08_2020
United Kingdom,1288.0,18.0,943.0,0.0,0.0,0.0,0.0,22_08_2020
United Kingdom,1034.0,2.0,888.0,0.0,0.0,0.0,0.0,21_08_2020
United Kingdom,1182.0,6.0,909.0,0.0,0.0,0.0,0.0,20_08_2020
United Kingdom,816.0,17.0,924.0,0.0,0.0,0.0,0.0,19_08_2020
United Kingdom,1089.0,12.0,953.0,0.0,0.0,0.0,0.0,18_08_2020
United Kingdom,715.0,3.0,982.0,0.0,0.0,0.0,0.0,17_08_2020
United Kingdom,1105.0,5.0,979.0,0.0,0.0,0.0,0.0,16_08_2020
United Kingdom,1012.0,3.0,974.0,0.0,0.0,0.0,0.0,15_08_2020
United Kingdom,1444.0,11.0,995.0,0.0,0.0,0.0,0.0,14_08_2020
United Kingdom,1129.0,18.0,1008.0,0.0,0.0,0.0,0.0,13_08_2020
United Kingdom,1013.0,20.0,1004.0,0.0,0.0,0.0,0.0,12_08_2020
United Kingdom,1148.0,13.0,1039.0,0.0,0.0,0.0,0.0,11_08_2020
United Kingdom,818.0,18.0,1087.0,0.0,0.0,0.0,0.0,10_08_2020
United Kingdom,1062.0,5.0,983.0,0.0,0.0,0.0,0.0,09_08_2020
United Kingdom,758.0,3.0,1027.0,0.0,0.0,0.0,0.0,08_08_2020
United Kingdom,871.0,12.0,1094.0,0.0,0.0,0.0,0.0,07_08_2020
United Kingdom,951.0,18.0,1155.0,0.0,0.0,0.0,0.0,06_08_2020
United Kingdom,892.0,14.0,1200.0,0.0,0.0,0.0,0.0,05_08_2020
United Kingdom,674.0,18.0,1216.0,0.0,0.0,0.0,0.0,04_08_2020
United Kingdom,942.0,1.0,1251.0,0.0,0.0,0.0,0.0,03_08_2020
United Kingdom,743.0,5.0,1254.0,0.0,0.0,0.0,0.0,02_08_2020
United Kingdom,761.0,13.0,1290.0,0.0,0.0,0.0,0.0,01_08_2020
United Kingdom,880.0,20.0,1266.0,0.0,0.0,0.0,0.0,31_07_2020
United Kingdom,846.0,0.0,1314.0,0.0,0.0,0.0,0.0,30_07_2020
United Kingdom,797.0,34.0,1350.0,0.0,0.0,0.0,0.0,29_07_2020
United Kingdom,550.0,21.0,1369.0,0.0,0.0,0.0,0.0,28_07_2020
United Kingdom,685.0,3.0,1370.0,0.0,0.0,0.0,0.0,27_07_2020
United Kingdom,745.0,8.0,1383.0,0.0,0.0,0.0,0.0,26_07_2020
United Kingdom,767.0,15.0,1401.0,0.0,0.0,0.0,0.0,25_07_2020
United Kingdom,769.0,32.0,1453.0,0.0,0.0,0.0,0.0,24_07_2020
United Kingdom,769.0,9.0,1538.0,0.0,0.0,0.0,0.0,23_07_2020
United Kingdom,560.0,17.0,1747.0,0.0,0.0,0.0,0.0,22_07_2020
United Kingdom,445.0,25.0,1634.0,0.0,0.0,0.0,0.0,21_07_2020
United Kingdom,580.0,10.0,1734.0,0.0,0.0,0.0,0.0,20_07_2020
United Kingdom,726.0,11.0,1742.0,0.0,0.0,0.0,0.0,19_07_2020
United Kingdom,827.0,9.0,1776.0,0.0,0.0,0.0,0.0,18_07_2020
United Kingdom,687.0,26.0,1804.0,0.0,0.0,0.0,0.0,17_07_2020
United Kingdom,643.0,24.0,1829.0,0.0,0.0,0.0,0.0,16_07_2020
United Kingdom,538.0,26.0,1974.0,0.0,0.0,0.0,0.0,15_07_2020
United Kingdom,1240.0,44.0,1993.0,0.0,0.0,0.0,0.0,14_07_2020
United Kingdom,534.0,10.0,2113.0,0.0,0.0,0.0,0.0,13_07_2020
United Kingdom,650.0,9.0,2101.0,0.0,0.0,0.0,0.0,12_07_2020
United Kingdom,820.0,17.0,2119.0,0.0,0.0,0.0,0.0,11_07_2020
United Kingdom,512.0,34.0,2244.0,0.0,0.0,0.0,0.0,10_07_2020
United Kingdom,642.0,31.0,2345.0,0.0,0.0,0.0,0.0,09_07_2020
United Kingdom,630.0,57.0,2454.0,0.0,0.0,0.0,0.0,08_07_2020
United Kingdom,581.0,54.0,2598.0,0.0,0.0,0.0,0.0,07_07_2020
United Kingdom,358.0,11.0,2699.0,0.0,0.0,0.0,0.0,06_07_2020
United Kingdom,516.0,19.0,2741.0,0.0,0.0,0.0,0.0,05_07_2020
United Kingdom,624.0,32.0,2802.0,0.0,0.0,0.0,0.0,04_07_2020
United Kingdom,502.0,49.0,2942.0,0.0,0.0,0.0,0.0,03_07_2020
United Kingdom,4.0,41.0,3079.0,0.0,0.0,0.0,0.0,02_07_2020
United Kingdom,60.0,97.0,3198.0,0.0,0.0,0.0,0.0,01_07_2020
United Kingdom,403.0,53.0,3383.0,0.0,0.0,0.0,0.0,30_06_2020
United Kingdom,604.0,21.0,3748.0,0.0,0.0,0.0,0.0,29_06_2020
United Kingdom,395.0,31.0,3557.0,0.0,0.0,0.0,0.0,28_06_2020
United Kingdom,633.0,40.0,3544.0,0.0,0.0,0.0,0.0,27_06_2020
United Kingdom,638.0,77.0,3620.0,0.0,0.0,0.0,0.0,26_06_2020
United Kingdom,697.0,99.0,3850.0,0.0,0.0,0.0,0.0,25_06_2020
United Kingdom,775.0,87.0,4030.0,0.0,0.0,0.0,0.0,24_06_2020
United Kingdom,882.0,94.0,4134.0,0.0,0.0,0.0,0.0,23_06_2020
United Kingdom,892.0,13.0,4281.0,0.0,0.0,0.0,0.0,22_06_2020
United Kingdom,622.0,31.0,4222.0,0.0,0.0,0.0,0.0,21_06_2020
United Kingdom,666.0,71.0,4252.0,0.0,0.0,0.0,0.0,20_06_2020
United Kingdom,980.0,84.0,4414.0,0.0,0.0,0.0,0.0,19_06_2020
United Kingdom,1020.0,67.0,4560.0,0.0,0.0,0.0,0.0,18_06_2020
United Kingdom,999.0,110.0,4719.0,0.0,0.0,0.0,0.0,17_06_2020
United Kingdom,1077.0,120.0,4863.0,0.0,0.0,0.0,0.0,16_06_2020
United Kingdom,1029.0,29.0,4870.0,0.0,0.0,0.0,0.0,15_06_2020
United Kingdom,807.0,27.0,4908.0,0.0,0.0,0.0,0.0,14_06_2020
United Kingdom,887.0,107.0,4941.0,0.0,0.0,0.0,0.0,13_06_2020
United Kingdom,1053.0,131.0,5090.0,0.0,0.0,0.0,0.0,12_06_2020
United Kingdom,1001.0,76.0,5179.0,0.0,0.0,0.0,0.0,11_06_2020
United Kingdom,1182.0,164.0,5475.0,0.0,0.0,0.0,0.0,10_06_2020
United Kingdom,1154.0,197.0,5736.0,0.0,0.0,0.0,0.0,09_06_2020
United Kingdom,1087.0,47.0,5931.0,0.0,0.0,0.0,0.0,08_06_2020
United Kingdom,717.0,54.0,5944.0,0.0,0.0,0.0,0.0,07_06_2020
United Kingdom,793.0,143.0,6149.0,0.0,0.0,0.0,0.0,06_06_2020
United Kingdom,1105.0,258.0,6379.0,0.0,0.0,0.0,0.0,05_06_2020
United Kingdom,1234.0,130.0,6580.0,0.0,0.0,0.0,0.0,04_06_2020
United Kingdom,1343.0,254.0,6815.0,0.0,0.0,0.0,0.0,03_06_2020
United Kingdom,1467.0,250.0,7087.0,0.0,0.0,0.0,0.0,02_06_2020
United Kingdom,1434.0,86.0,7248.0,0.0,0.0,0.0,0.0,01_06_2020
United Kingdom,1069.0,60.0,7238.0,0.0,0.0,0.0,0.0,31_05_2020
United Kingdom,1099.0,154.0,7268.0,0.0,0.0,0.0,0.0,30_05_2020
United Kingdom,1504.0,274.0,7586.0,0.0,0.0,0.0,0.0,29_05_2020
United Kingdom,1734.0,343.0,7907.0,0.0,0.0,0.0,0.0,28_05_2020
United Kingdom,1803.0,422.0,8220.0,0.0,0.0,0.0,0.0,27_05_2020
United Kingdom,1650.0,131.0,8732.0,0.0,0.0,0.0,0.0,26_05_2020
United Kingdom,1608.0,104.0,8836.0,0.0,0.0,0.0,0.0,25_05_2020
United Kingdom,1348.0,379.0,8814.0,0.0,0.0,0.0,0.0,24_05_2020
United Kingdom,1507.0,220.0,8814.0,0.0,0.0,0.0,0.0,23_05_2020
United Kingdom,2030.0,291.0,9184.0,0.0,0.0,0.0,0.0,22_05_2020
United Kingdom,2542.0,273.0,9293.0,0.0,0.0,0.0,0.0,21_05_2020
United Kingdom,2709.0,329.0,9563.0,0.0,0.0,0.0,0.0,20_05_2020
United Kingdom,3041.0,501.0,10013.0,0.0,0.0,0.0,0.0,19_05_2020
United Kingdom,2575.0,146.0,10231.0,0.0,0.0,0.0,0.0,18_05_2020
United Kingdom,1826.0,67.0,10199.0,0.0,0.0,0.0,0.0,17_05_2020
United Kingdom,2070.0,411.0,10238.0,0.0,0.0,0.0,0.0,16_05_2020
United Kingdom,2517.0,350.0,10691.0,0.0,0.0,0.0,0.0,15_05_2020
United Kingdom,2610.0,352.0,10921.0,0.0,0.0,0.0,0.0,14_05_2020
United Kingdom,3299.0,448.0,11342.0,0.0,0.0,0.0,0.0,13_05_2020
United Kingdom,3390.0,615.0,11591.0,0.0,0.0,0.0,0.0,12_05_2020
United Kingdom,3584.0,187.0,11967.0,0.0,0.0,0.0,0.0,11_05_2020
United Kingdom,2321.0,217.0,11727.0,0.0,0.0,0.0,0.0,10_05_2020
United Kingdom,2150.0,275.0,12015.0,0.0,0.0,0.0,0.0,09_05_2020
United Kingdom,3049.0,580.0,12053.0,0.0,0.0,0.0,0.0,08_05_2020
United Kingdom,3767.0,458.0,12626.0,0.0,0.0,0.0,0.0,07_05_2020
United Kingdom,3831.0,647.0,13148.0,0.0,0.0,0.0,0.0,06_05_2020
United Kingdom,3685.0,725.0,13723.0,0.0,0.0,0.0,0.0,05_05_2020
United Kingdom,3378.0,272.0,14097.0,0.0,0.0,0.0,0.0,04_05_2020
United Kingdom,2975.0,253.0,14188.0,0.0,0.0,0.0,0.0,03_05_2020
United Kingdom,3226.0,584.0,14380.0,0.0,0.0,0.0,0.0,02_05_2020
United Kingdom,4728.0,699.0,14723.0,0.0,0.0,0.0,0.0,01_05_2020
United Kingdom,4956.0,636.0,15164.0,0.0,0.0,0.0,0.0,30_04_2020
United Kingdom,5442.0,771.0,15521.0,0.0,0.0,0.0,0.0,29_04_2020
United Kingdom,4726.0,970.0,15877.0,0.0,0.0,0.0,0.0,28_04_2020
United Kingdom,4702.0,320.0,16662.0,0.0,0.0,0.0,0.0,27_04_2020
United Kingdom,3468.0,364.0,16555.0,0.0,0.0,0.0,0.0,26_04_2020
United Kingdom,3750.0,816.0,16604.0,0.0,0.0,0.0,0.0,25_04_2020
United Kingdom,4975.0,1015.0,17063.0,0.0,0.0,0.0,0.0,24_04_2020
United Kingdom,5166.0,683.0,17867.0,0.0,0.0,0.0,0.0,23_04_2020
United Kingdom,5492.0,851.0,18533.0,0.0,0.0,0.0,0.0,22_04_2020
United Kingdom,4768.0,1224.0,19139.0,0.0,0.0,0.0,0.0,21_04_2020
United Kingdom,4858.0,573.0,19331.0,0.0,0.0,0.0,0.0,20_04_2020
United Kingdom,3856.0,432.0,19574.0,0.0,0.0,0.0,0.0,19_04_2020
United Kingdom,4730.0,1106.0,19456.0,0.0,0.0,0.0,0.0,18_04_2020
United Kingdom,4978.0,914.0,19330.0,0.0,0.0,0.0,0.0,17_04_2020
United Kingdom,5308.0,1040.0,20389.0,0.0,0.0,0.0,0.0,16_04_2020
United Kingdom,5072.0,882.0,20582.0,0.0,0.0,0.0,0.0,15_04_2020
United Kingdom,4329.0,1080.0,21281.0,0.0,0.0,0.0,0.0,14_04_2020
United Kingdom,4188.0,724.0,21308.0,0.0,0.0,0.0,0.0,13_04_2020
United Kingdom,3519.0,657.0,21687.0,0.0,0.0,0.0,0.0,12_04_2020
United Kingdom,3586.0,843.0,21254.0,0.0,0.0,0.0,0.0,11_04_2020
United Kingdom,4352.0,1123.0,21280.0,0.0,0.0,0.0,0.0,10_04_2020
United Kingdom,4862.0,1116.0,21005.0,0.0,0.0,0.0,0.0,09_04_2020
United Kingdom,5145.0,1031.0,20740.0,0.0,0.0,0.0,0.0,08_04_2020
United Kingdom,5462.0,1105.0,20234.0,0.0,0.0,0.0,0.0,07_04_2020
United Kingdom,5289.0,568.0,19493.0,0.0,0.0,0.0,0.0,06_04_2020
United Kingdom,3641.0,600.0,18855.0,0.0,0.0,0.0,0.0,05_04_2020
United Kingdom,4050.0,757.0,17502.0,0.0,0.0,0.0,0.0,04_04_2020
United Kingdom,4954.0,737.0,15546.0,0.0,0.0,0.0,0.0,03_04_2020
United Kingdom,4886.0,657.0,13875.0,0.0,0.0,0.0,0.0,02_04_2020
United Kingdom,4945.0,672.0,13637.0,0.0,0.0,0.0,0.0,01_04_2020
United Kingdom,4515.0,404.0,12597.0,0.0,0.0,0.0,0.0,31_03_2020
United Kingdom,4306.0,374.0,11093.0,0.0,0.0,0.0,0.0,30_03_2020
United Kingdom,2868.0,213.0,9525.0,0.0,0.0,0.0,0.0,29_03_2020
United Kingdom,2831.0,292.0,8278.0,0.0,0.0,0.0,0.0,28_03_2020
United Kingdom,3223.0,288.0,7267.0,0.0,0.0,0.0,0.0,27_03_2020
United Kingdom,3104.0,182.0,0.0,0.0,0.0,0.0,0.0,26_03_2020
United Kingdom,2703.0,191.0,0.0,0.0,0.0,0.0,0.0,25_03_2020
United Kingdom,2371.0,148.0,0.0,0.0,0.0,0.0,0.0,24_03_2020
United Kingdom,2339.0,76.0,0.0,0.0,0.0,0.0,0.0,23_03_2020
United Kingdom,1376.0,36.0,0.0,0.0,0.0,0.0,0.0,22_03_2020
United Kingdom,1215.0,58.0,0.0,0.0,0.0,0.0,0.0,21_03_2020
United Kingdom,1257.0,32.0,0.0,0.0,0.0,0.0,0.0,20_03_2020
United Kingdom,1060.0,46.0,0.0,0.0,0.0,0.0,0.0,19_03_2020
United Kingdom,999.0,34.0,0.0,0.0,0.0,0.0,0.0,18_03_2020
United Kingdom,768.0,17.0,0.0,0.0,0.0,0.0,0.0,17_03_2020
United Kingdom,615.0,22.0,0.0,0.0,0.0,0.0,0.0,16_03_2020
United Kingdom,443.0,14.0,0.0,0.0,0.0,0.0,0.0,15_03_2020
United Kingdom,364.0,19.0,0.0,0.0,0.0,0.0,0.0,14_03_2020
United Kingdom,479.0,1.0,0.0,0.0,0.0,0.0,0.0,13_03_2020
United Kingdom,489.0,2.0,0.0,0.0,0.0,0.0,0.0,12_03_2020
United Kingdom,412.0,0.0,0.0,0.0,0.0,0.0,0.0,11_03_2020
United Kingdom,259.0,4.0,0.0,0.0,0.0,0.0,0.0,10_03_2020
United Kingdom,147.0,1.0,0.0,0.0,0.0,0.0,0.0,09_03_2020
United Kingdom,54.0,0.0,0.0,0.0,0.0,0.0,0.0,08_03_2020
United Kingdom,55.0,1.0,0.0,0.0,0.0,0.0,0.0,07_03_2020
United Kingdom,79.0,1.0,0.0,0.0,0.0,0.0,0.0,06_03_2020
United Kingdom,49.0,0.0,0.0,0.0,0.0,0.0,0.0,05_03_2020
United Kingdom,56.0,0.0,0.0,0.0,0.0,0.0,0.0,04_03_2020
United Kingdom,55.0,0.0,0.0,0.0,0.0,0.0,0.0,03_03_2020
United Kingdom,40.0,0.0,0.0,0.0,0.0,0.0,0.0,02_03_2020
United Kingdom,33.0,0.0,0.0,0.0,0.0,0.0,0.0,01_03_2020
United Kingdom,5.0,0.0,0.0,0.0,0.0,0.0,0.0,29_02_2020
United Kingdom,12.0,0.0,0.0,0.0,0.0,0.0,0.0,28_02_2020
United Kingdom,7.0,0.0,0.0,0.0,0.0,0.0,0.0,27_02_2020
United Kingdom,3.0,0.0,0.0,0.0,0.0,0.0,0.0,26_02_2020
United Kingdom,4.0,0.0,0.0,0.0,0.0,0.0,0.0,25_02_2020
United Kingdom,2.0,0.0,0.0,0.0,0.0,0.0,0.0,24_02_2020
United Kingdom,5.0,0.0,0.0,0.0,0.0,0.0,0.0,23_02_2020
United Kingdom,0.0,0.0,0.0,0.0,0.0,0.0,0.0,22_02_2020
United Kingdom,1.0,0.0,0.0,0.0,0.0,0.0,0.0,21_02_2020
United Kingdom,2.0,0.0,0.0,0.0,0.0,0.0,0.0,20_02_2020
United Kingdom,1.0,0.0,0.0,0.0,0.0,0.0,0.0,19_02_2020
United Kingdom,0.0,0.0,0.0,0.0,0.0,0.0,0.0,18_02_2020
United Kingdom,1.0,0.0,0.0,0.0,0.0,0.0,0.0,17_02_2020
United Kingdom,0.0,0.0,0.0,0.0,0.0,0.0,0.0,16_02_2020
United Kingdom,0.0,0.0,0.0,0.0,0.0,0.0,0.0,15_02_2020
United Kingdom,1.0,0.0,0.0,0.0,0.0,0.0,0.0,14_02_2020
United Kingdom,1.0,0.0,0.0,0.0,0.0,0.0,0.0,13_02_2020
United Kingdom,1.0,0.0,0.0,0.0,0.0,0.0,0.0,12_02_2020
United Kingdom,1.0,0.0,0.0,0.0,0.0,0.0,0.0,11_02_2020
United Kingdom,0.0,0.0,0.0,0.0,0.0,0.0,0.0,10_02_2020
United Kingdom,1.0,0.0,0.0,0.0,0.0,0.0,0.0,09_02_2020
United Kingdom,4.0,0.0,0.0,0.0,0.0,0.0,0.0,08_02_2020
United Kingdom,0.0,0.0,0.0,0.0,0.0,0.0,0.0,07_02_2020
United Kingdom,0.0,0.0,0.0,0.0,0.0,0.0,0.0,06_02_2020
United Kingdom,1.0,0.0,0.0,0.0,0.0,0.0,0.0,05_02_2020
United Kingdom,0.0,0.0,0.0,0.0,0.0,0.0,0.0,04_02_2020
United Kingdom,6.0,0.0,0.0,0.0,0.0,0.0,0.0,03_02_2020
United Kingdom,0.0,0.0,0.0,0.0,0.0,0.0,0.0,02_02_2020
United Kingdom,0.0,0.0,0.0,0.0,0.0,0.0,0.0,01_02_2020
United Kingdom,2.0,0.0,0.0,0.0,0.0,0.0,0.0,31_01_2020
