,Country_Region,Province_State,Lat,Long_,Confirmed,Deaths,Recovered,Last_Update
0,Afghanistan,,33.93911,67.709953,157967,7354,0,1640596874000.0
1,Albania,,41.1533,20.1683,207709,3194,0,1640596874000.0
2,Algeria,,28.0339,1.6596,216637,6238,0,1640596874000.0
3,Andorra,,42.5063,1.5218,21730,139,0,1640596874000.0
4,Angola,,-11.2027,17.8739,71752,1749,0,1640596874000.0
5,Antigua and Barbuda,,17.0608,-61.7964,4236,118,0,1640596874000.0
6,Argentina,,-38.4161,-63.6167,5460042,117035,0,1640596874000.0
7,Armenia,,40.0691,45.0382,344540,7950,0,1640596874000.0
8,Australia,Australian Capital Territory,-35.4735,149.0124,2942,15,0,1640596874000.0
9,Australia,New South Wales,-33.8688,151.2093,137011,652,0,1640596874000.0
10,Australia,Northern Territory,-12.4634,130.8456,444,1,0,1640596874000.0
11,Australia,Queensland,-27.4698,153.0251,5033,7,0,1640596874000.0
12,Australia,South Australia,-34.9285,138.6007,4324,4,0,1640596874000.0
13,Australia,Tasmania,-42.8821,147.3272,434,13,0,1640596874000.0
14,Australia,Victoria,-37.8136,144.9631,159147,1495,0,1640596874000.0
15,Australia,Western Australia,-31.9505,115.8605,1144,9,0,1640596874000.0
16,Austria,,47.5162,14.5501,1264553,13634,0,1640596874000.0
17,Azerbaijan,,40.1431,47.5769,614630,8297,0,1640596874000.0
18,Bahamas,,25.025885,-78.035889,23539,713,0,1640596874000.0
19,Bahrain,,26.0275,50.55,279805,1394,0,1640596874000.0
20,Bangladesh,,23.685,90.3563,1583253,28060,0,1640596874000.0
21,Barbados,,13.1939,-59.5432,27673,260,0,1640596874000.0
22,Belarus,,53.7098,27.9534,693584,5499,0,1640596874000.0
23,Belgium,Antwerp,51.2195,4.4024,294709,0,0,1640596874000.0
24,Belgium,Brussels,50.8503,4.3517,238446,0,0,1640596874000.0
25,Belgium,East Flanders,51.0362,3.7373,253164,0,0,1640596874000.0
26,Belgium,Flemish Brabant,50.9167,4.5833,176676,0,0,1640596874000.0
27,Belgium,Hainaut,50.5257,4.0621,245703,0,0,1640596874000.0
28,Belgium,Liege,50.4496,5.8492,220639,0,0,1640596874000.0
29,Belgium,Limburg,50.9739,5.342,135264,0,0,1640596874000.0
30,Belgium,Luxembourg,50.0547,5.4677,54623,0,0,1640596874000.0
31,Belgium,Namur,50.331,4.8221,97766,0,0,1640596874000.0
32,Belgium,Unknown,,,33028,28149,0,1640596874000.0
33,Belgium,Walloon Brabant,50.4,4.35,77683,0,0,1640596874000.0
34,Belgium,West Flanders,51.0536,3.1458,210410,0,0,1640596874000.0
35,Belize,,17.1899,-88.4976,31503,592,0,1640596874000.0
36,Benin,,9.3077,2.3158,24935,161,0,1640596874000.0
37,Bhutan,,27.5142,90.4336,2660,3,0,1640596874000.0
38,Bolivia,,-16.2902,-63.5887,576602,19546,0,1640596874000.0
39,Bosnia and Herzegovina,,43.9159,17.6791,287276,13269,0,1640596874000.0
40,Botswana,,-22.3285,24.6849,208994,2427,0,1640596874000.0
41,Brazil,Acre,-9.0238,-70.812,88378,1850,0,1640596874000.0
42,Brazil,Alagoas,-9.5713,-36.782,242002,6383,0,1640596874000.0
43,Brazil,Amapa,0.902,-52.003,126649,2015,0,1640596874000.0
44,Brazil,Amazonas,-3.4168,-65.8561,433268,13830,0,1640596874000.0
45,Brazil,Bahia,-12.5797,-41.7007,1268869,27464,0,1640596874000.0
46,Brazil,Ceara,-5.4984,-39.3206,954616,24765,0,1640596874000.0
47,Brazil,Distrito Federal,-15.7998,-47.8645,518878,11095,0,1640596874000.0
48,Brazil,Espirito Santo,-19.1834,-40.3089,628485,13308,0,1640596874000.0
49,Brazil,Goias,-15.827,-49.8362,944716,24673,0,1640596874000.0
50,Brazil,Maranhao,-4.9609,-45.2744,370188,10369,0,1640596874000.0
51,Brazil,Mato Grosso,-12.6819,-56.9211,556456,14040,0,1640596874000.0
52,Brazil,Mato Grosso do Sul,-20.7722,-54.7852,379826,9723,0,1640596874000.0
53,Brazil,Minas Gerais,-18.5122,-44.555,2218695,56613,0,1640596874000.0
54,Brazil,Para,-1.9981,-54.9306,623467,17066,0,1640596874000.0
55,Brazil,Paraiba,-7.24,-36.782,463584,9586,0,1640596874000.0
56,Brazil,Parana,-25.2521,-52.0215,1595075,40877,0,1640596874000.0
57,Brazil,Pernambuco,-8.8137,-36.9541,644093,20409,0,1640596874000.0
58,Brazil,Piaui,-7.7183,-42.7289,334301,7270,0,1640596874000.0
59,Brazil,Rio Grande do Norte,-5.4026,-36.9541,386062,7566,0,1640596874000.0
60,Brazil,Rio Grande do Sul,-30.0346,-51.2177,1500183,36409,0,1640596874000.0
61,Brazil,Rio de Janeiro,-22.9068,-43.1729,1350843,69408,0,1640596874000.0
62,Brazil,Rondonia,-11.5057,-63.5806,283693,6716,0,1640596874000.0
63,Brazil,Roraima,-2.7376,-62.0751,128791,2074,0,1640596874000.0
64,Brazil,Santa Catarina,-27.2423,-50.2189,1239241,20144,0,1640596874000.0
65,Brazil,Sao Paulo,-23.5505,-46.6333,4450315,155096,0,1640596874000.0
66,Brazil,Sergipe,-10.5741,-37.3857,278479,6056,0,1640596874000.0
67,Brazil,Tocantins,-10.1753,-48.2982,234113,3927,0,1640596874000.0
68,Brunei,,4.5353,114.7277,15429,98,0,1640596874000.0
69,Bulgaria,,42.7339,25.4858,734720,30574,0,1640596874000.0
70,Burkina Faso,,12.2383,-1.5616,17040,317,0,1640596874000.0
71,Burma,,21.9162,95.956,529613,19254,0,1640596874000.0
72,Burundi,,-3.3731,29.9189,23657,38,0,1640596874000.0
73,Cabo Verde,,16.5388,-23.0418,39072,352,0,1640596874000.0
74,Cambodia,,11.55,104.9167,120464,3009,0,1640596874000.0
75,Cameroon,,3.848,11.5021,108676,1851,0,1640596874000.0
76,Canada,Alberta,53.9333,-116.5765,346705,3299,0,1640596874000.0
77,Canada,British Columbia,53.7267,-127.6476,235658,2414,0,1640596874000.0
78,Canada,Diamond Princess,,,0,1,0,1608557250000.0
79,Canada,Grand Princess,,,13,0,0,1608557250000.0
80,Canada,Manitoba,53.7609,-98.8139,73573,1370,0,1640596874000.0
81,Canada,New Brunswick,46.5653,-66.4619,11587,152,0,1640596874000.0
82,Canada,Newfoundland and Labrador,53.1355,-57.6604,2512,18,0,1640596874000.0
83,Canada,Northwest Territories,64.8255,-124.8457,2090,12,0,1640596874000.0
84,Canada,Nova Scotia,44.682,-63.7443,9988,111,0,1640596874000.0
85,Canada,Nunavut,70.2998,-83.1076,696,4,0,1640596874000.0
86,Canada,Ontario,51.2538,-85.3232,689840,10199,0,1640596874000.0
87,Canada,Prince Edward Island,46.5107,-63.4168,621,0,0,1640596874000.0
88,Canada,Quebec,52.9399,-73.5491,538205,11667,0,1640596874000.0
89,Canada,Repatriated Travellers,,,13,0,0,1640596874000.0
90,Canada,Saskatchewan,52.9399,-106.4509,82640,945,0,1640596874000.0
91,Canada,Yukon,64.2823,-135.0,1668,14,0,1640596874000.0
92,Central African Republic,,6.6111,20.9394,11961,101,0,1640596874000.0
93,Chad,,15.4542,18.7322,5703,181,0,1640596874000.0
94,Chile,Antofagasta,-23.6509,-70.3975,66714,1285,0,1640596874000.0
95,Chile,Araucania,-38.9489,-72.3311,103728,1553,0,1640596874000.0
96,Chile,Arica y Parinacota,-18.594,-69.4785,29062,546,0,1640596874000.0
97,Chile,Atacama,-27.5661,-70.0503,30702,378,0,1640596874000.0
98,Chile,Aysen,-45.9864,-73.7669,10264,96,0,1640596874000.0
99,Chile,Biobio,-37.4464,-72.1416,166902,2826,0,1640596874000.0
100,Chile,Coquimbo,-29.959,-71.3389,54641,1093,0,1640596874000.0
101,Chile,Los Lagos,-41.9198,-72.1416,98967,1499,0,1640596874000.0
102,Chile,Los Rios,-40.231,-72.3311,53546,717,0,1640596874000.0
103,Chile,Magallanes,-52.368,-70.9863,30086,506,0,1640596874000.0
104,Chile,Maule,-35.5183,-71.6885,109536,1858,0,1640596874000.0
105,Chile,Metropolitana,-33.4376,-70.6505,751245,19921,0,1640596874000.0
106,Chile,Nuble,-36.7226,-71.7622,39377,676,0,1640596874000.0
107,Chile,OHiggins,-34.5755,-71.0022,73085,1628,0,1640596874000.0
108,Chile,Tarapaca,-19.9232,-69.5132,44765,828,0,1640596874000.0
109,Chile,Unknown,,,46,0,0,1640596874000.0
110,Chile,Valparaiso,-33.0472,-71.6127,137614,3624,0,1640596874000.0
111,China,Anhui,31.8257,117.2264,1009,6,0,1640596874000.0
112,China,Beijing,40.1824,116.4142,1208,9,0,1640596874000.0
113,China,Chongqing,30.0572,107.874,610,6,0,1640596874000.0
114,China,Fujian,26.0789,117.9874,1350,1,0,1640596874000.0
115,China,Gansu,35.7518,104.2861,356,2,0,1640596874000.0
116,China,Guangdong,23.3417,113.4244,3427,8,0,1640596874000.0
117,China,Guangxi,23.8298,108.7881,593,2,0,1640596874000.0
118,China,Guizhou,26.8154,106.8748,159,2,0,1640596874000.0
119,China,Hainan,19.1959,109.7453,190,6,0,1640596874000.0
120,China,Hebei,37.8957,114.9042,1458,7,0,1640596874000.0
121,China,Heilongjiang,47.862,127.7615,2035,13,0,1640596874000.0
122,China,Henan,33.882,113.614,1641,22,0,1640596874000.0
123,China,Hong Kong,22.3,114.2,12589,213,0,1640596874000.0
124,China,Hubei,30.9756,112.2707,68316,4512,0,1640596874000.0
125,China,Hunan,27.6104,111.7088,1216,4,0,1640596874000.0
126,China,Inner Mongolia,44.0935,113.9448,1186,1,0,1640596874000.0
127,China,Jiangsu,32.9711,119.455,1624,0,0,1640596874000.0
128,China,Jiangxi,27.614,115.7221,959,1,0,1640596874000.0
129,China,Jilin,43.6661,126.1923,589,3,0,1640596874000.0
130,China,Liaoning,41.2956,122.6085,793,2,0,1640596874000.0
131,China,Macau,22.1667,113.55,77,0,0,1640596874000.0
132,China,Ningxia,37.2692,106.1655,122,0,0,1640596874000.0
133,China,Qinghai,35.7452,95.9956,30,0,0,1640596874000.0
134,China,Shaanxi,35.1917,108.8701,1239,3,0,1640596874000.0
135,China,Shandong,36.3427,118.1498,1038,7,0,1640596874000.0
136,China,Shanghai,31.202,121.4491,3048,7,0,1640596874000.0
137,China,Shanxi,37.5777,112.2922,265,0,0,1640596874000.0
138,China,Sichuan,30.6171,102.7103,1309,3,0,1640596874000.0
139,China,Tianjin,39.3054,117.323,564,3,0,1640596874000.0
140,China,Tibet,31.6927,88.0924,1,0,0,1640596874000.0
141,China,Unknown,,,0,0,0,1640596874000.0
142,China,Xinjiang,41.1129,85.2401,981,3,0,1640596874000.0
143,China,Yunnan,24.974,101.487,1803,2,0,1640596874000.0
144,China,Zhejiang,29.1832,120.0934,2006,1,0,1640596874000.0
145,Colombia,Amazonas,-1.4429,-71.5724,7038,258,0,1640596874000.0
146,Colombia,Antioquia,7.1986,-75.3412,783068,16864,0,1640596874000.0
147,Colombia,Arauca,7.0762,-70.7105,14461,484,0,1640596874000.0
148,Colombia,Atlantico,10.6966,-74.8741,342428,9746,0,1640596874000.0
149,Colombia,Bolivar,8.6704,-74.03,161722,3050,0,1640596874000.0
150,Colombia,Boyaca,5.4545,-73.362,106871,2581,0,1640596874000.0
151,Colombia,Caldas,5.2983,-75.2479,101674,2292,0,1640596874000.0
152,Colombia,Capital District,4.711,-74.0721,1474556,27699,0,1640596874000.0
153,Colombia,Caqueta,0.8699,-73.8419,23089,944,0,1640596874000.0
154,Colombia,Casanare,5.7589,-71.5724,36153,940,0,1640596874000.0
155,Colombia,Cauca,2.705,-76.826,57474,1594,0,1640596874000.0
156,Colombia,Cesar,9.3373,-73.6536,93030,2556,0,1640596874000.0
157,Colombia,Choco,5.2528,-76.826,16572,404,0,1640596874000.0
158,Colombia,Cordoba,8.0493,-75.574,104798,3742,0,1640596874000.0
159,Colombia,Cundinamarca,5.026,-74.03,267405,6858,0,1640596874000.0
160,Colombia,Guainia,2.5854,-68.5247,2572,35,0,1640596874000.0
161,Colombia,Guaviare,1.0654,-73.2603,5174,97,0,1640596874000.0
162,Colombia,Huila,2.5359,-75.5277,89668,3192,0,1640596874000.0
163,Colombia,La Guajira,11.3548,-72.5205,47006,1441,0,1640596874000.0
164,Colombia,Magdalena,10.4113,-74.4057,101196,3481,0,1640596874000.0
165,Colombia,Meta,3.272,-73.0877,90790,2301,0,1640596874000.0
166,Colombia,Narino,1.2892,-77.3579,90840,3046,0,1640596874000.0
167,Colombia,Norte de Santander,7.9463,-72.8988,101662,4676,0,1640596874000.0
168,Colombia,Putumayo,0.436,-75.5277,17810,715,0,1640596874000.0
169,Colombia,Quindio,4.461,-75.6674,58963,1835,0,1640596874000.0
170,Colombia,Risaralda,5.3158,-75.9928,89303,2273,0,1640596874000.0
171,Colombia,San Andres y Providencia,12.5567,-81.7185,8377,151,0,1640596874000.0
172,Colombia,Santander,6.6437,-73.6536,234737,7515,0,1640596874000.0
173,Colombia,Sucre,8.814,-74.7233,59766,1628,0,1640596874000.0
174,Colombia,Tolima,4.0925,-75.1545,108485,3691,0,1640596874000.0
175,Colombia,Unknown,,,0,296,0,1640596874000.0
176,Colombia,Valle del Cauca,3.8009,-76.6413,423153,13304,0,1640596874000.0
177,Colombia,Vaupes,0.8554,-70.812,1796,17,0,1640596874000.0
178,Colombia,Vichada,4.4234,-69.2878,3053,55,0,1640596874000.0
179,Comoros,,-11.6455,43.3333,5729,153,0,1640596874000.0
180,Congo (Brazzaville),,-0.228,15.8277,19490,367,0,1640596874000.0
181,Congo (Kinshasa),,-4.0383,21.7587,70059,1126,0,1640596874000.0
182,Costa Rica,,9.7489,-83.7534,568860,7343,0,1640596874000.0
183,Cote d'Ivoire,,7.54,-5.5471,63847,707,0,1640596874000.0
184,Croatia,,45.1,15.2,693253,12325,0,1640596874000.0
185,Cuba,,21.521757,-77.781167,964729,8320,0,1640596874000.0
186,Cyprus,,35.1264,33.4299,150760,628,0,1640596874000.0
187,Czechia,,49.8175,15.473,2447758,35805,0,1640596874000.0
188,Denmark,,56.2639,9.5018,640413,3101,0,1640596874000.0
189,Denmark,Faroe Islands,61.8926,-6.9118,5149,13,0,1640596874000.0
190,Denmark,Greenland,71.7069,-42.6043,2249,0,0,1640596874000.0
191,Diamond Princess,,,,712,13,0,1640596874000.0
192,Djibouti,,11.8251,42.5903,13572,189,0,1640596874000.0
193,Dominica,,15.415,-61.371,6520,44,0,1640596874000.0
194,Dominican Republic,,18.7357,-70.1627,414226,4238,0,1640596874000.0
195,Ecuador,,-1.8312,-78.1834,540122,33641,0,1640596874000.0
196,Egypt,,26.820553,30.802498,381343,21608,0,1640596874000.0
197,El Salvador,,13.7942,-88.8965,121741,3820,0,1640596874000.0
198,Equatorial Guinea,,1.6508,10.2679,13630,175,0,1640596874000.0
199,Eritrea,,15.1794,39.7823,7886,73,0,1640596874000.0
200,Estonia,,58.5953,25.0136,237099,1916,0,1640596874000.0
201,Eswatini,,-26.5225,31.4659,64443,1277,0,1640596874000.0
202,Ethiopia,,9.145,40.4897,398696,6898,0,1640596874000.0
203,Fiji,,-17.7134,178.065,52815,697,0,1640596874000.0
204,Finland,,61.92411,25.748151,230392,1507,0,1640596874000.0
205,France,,46.2276,2.2137,8912148,120120,0,1640596874000.0
206,France,French Guiana,4.0,-53.0,47012,337,0,1640596874000.0
207,France,French Polynesia,-17.6797,-149.4068,46376,636,0,1640596874000.0
208,France,Guadeloupe,16.265,-61.551,55564,830,0,1640596874000.0
209,France,Martinique,14.6415,-61.0242,47337,769,0,1640596874000.0
210,France,Mayotte,-12.8275,45.166244,21288,185,0,1640596874000.0
211,France,New Caledonia,-20.904305,165.618042,12701,280,0,1640596874000.0
212,France,Reunion,-21.1151,55.5364,71795,401,0,1640596874000.0
213,France,Saint Barthelemy,17.9,-62.8333,1692,6,0,1640596874000.0
214,France,Saint Pierre and Miquelon,46.8852,-56.3159,98,0,0,1640596874000.0
215,France,St Martin,18.0708,-63.0501,4075,56,0,1640596874000.0
216,France,Wallis and Futuna,-14.2938,-178.1165,454,7,0,1640596874000.0
217,Gabon,,-0.8037,11.6094,38039,286,0,1640596874000.0
218,Gambia,,13.4432,-15.3101,10087,342,0,1640596874000.0
219,Georgia,,42.3154,43.3569,925354,13583,0,1640596874000.0
220,Germany,Baden-Wurttemberg,48.6616,9.3501,997932,12795,0,1640596874000.0
221,Germany,Bayern,48.7904,11.4979,1310206,19407,0,1640596874000.0
222,Germany,Berlin,52.52,13.405,320704,3991,0,1640596874000.0
223,Germany,Brandenburg,52.4125,12.5316,235869,4594,0,1640596874000.0
224,Germany,Bremen,53.0793,8.8017,46162,593,0,1640596874000.0
225,Germany,Hamburg,53.5511,9.9937,135610,1969,0,1640596874000.0
226,Germany,Hessen,50.6521,9.1624,470260,8509,0,1640596874000.0
227,Germany,Mecklenburg-Vorpommern,53.6127,12.4296,97438,1448,0,1640596874000.0
228,Germany,Niedersachsen,52.6367,9.8451,433003,6768,0,1640596874000.0
229,Germany,Nordrhein-Westfalen,51.4332,7.6616,1354425,20109,0,1640596874000.0
230,Germany,Rheinland-Pfalz,50.1183,7.309,273644,4573,0,1640596874000.0
231,Germany,Saarland,49.3964,7.023,72731,1232,0,1640596874000.0
232,Germany,Sachsen,51.1045,13.2017,640251,12634,0,1640596874000.0
233,Germany,Sachsen-Anhalt,51.9503,11.6923,220232,4195,0,1640596874000.0
234,Germany,Schleswig-Holstein,54.2194,9.6961,114190,1875,0,1640596874000.0
235,Germany,Thuringen,51.011,10.8453,282652,5744,0,1640596874000.0
236,Germany,Unknown,,,4339,0,0,1640596874000.0
237,Ghana,,7.9465,-1.0232,136436,1274,0,1640596874000.0
238,Greece,,39.0742,21.8243,1074869,20429,0,1640596874000.0
239,Grenada,,12.1165,-61.679,5956,200,0,1640596874000.0
240,Guatemala,,15.7835,-90.2308,625166,16097,0,1640596874000.0
241,Guinea,,9.9456,-9.6966,31117,389,0,1640596874000.0
242,Guinea-Bissau,,11.8037,-15.1804,6466,149,0,1640596874000.0
243,Guyana,,4.860416,-58.93018,39107,1048,0,1640596874000.0
244,Haiti,,18.9712,-72.2852,25950,765,0,1640596874000.0
245,Holy See,,41.9029,12.4534,27,0,0,1640596874000.0
246,Honduras,,15.2,-86.2419,379073,10429,0,1640596874000.0
247,Hungary,,47.1625,19.5033,1245319,38743,0,1640596874000.0
248,Iceland,,64.9631,-19.0208,22087,37,0,1640596874000.0
249,India,Andaman and Nicobar Islands,11.225999,92.968178,7714,129,0,1640596874000.0
250,India,Andhra Pradesh,15.9129,79.74,2076492,14490,0,1640596874000.0
251,India,Arunachal Pradesh,27.768456,96.384277,55332,280,0,1640596874000.0
252,India,Assam,26.357149,92.830441,620134,6156,0,1640596874000.0
253,India,Bihar,25.679658,85.60484,726456,12094,0,1640596874000.0
254,India,Chandigarh,30.733839,76.768278,65774,1078,0,1640596874000.0
255,India,Chhattisgarh,21.264705,82.035366,1007623,13597,0,1640596874000.0
256,India,Dadra and Nagar Haveli and Daman and Diu,20.194742,73.080901,10691,4,0,1640596874000.0
257,India,Delhi,28.646519,77.10898,1443352,25105,0,1640596874000.0
258,India,Goa,15.359682,74.057396,180050,3519,0,1640596874000.0
259,India,Gujarat,22.694884,71.590923,829359,10113,0,1640596874000.0
260,India,Haryana,29.20004,76.332824,772633,10062,0,1640596874000.0
261,India,Himachal Pradesh,31.927213,77.233081,228549,3873,0,1640596874000.0
262,India,Jammu and Kashmir,33.75943,76.612638,340722,4523,0,1640596874000.0
263,India,Jharkhand,23.654536,85.557631,349867,5142,0,1640596874000.0
264,India,Karnataka,14.70518,76.166436,3004587,38312,0,1640596874000.0
265,India,Kerala,10.450898,76.405749,5235122,46586,0,1640596874000.0
266,India,Ladakh,34.1526,77.5771,22091,218,0,1640596874000.0
267,India,Lakshadweep,13.6999972,72.1833326,10415,51,0,1640596874000.0
268,India,Madhya Pradesh,23.541513,78.289633,793696,10532,0,1640596874000.0
269,India,Maharashtra,19.449759,76.108221,6657888,141433,0,1640596874000.0
270,India,Manipur,24.738975,93.882541,125723,2001,0,1640596874000.0
271,India,Meghalaya,25.536934,91.278882,84793,1483,0,1640596874000.0
272,India,Mizoram,23.309381,92.83822,140564,539,0,1640596874000.0
273,India,Nagaland,26.06702,94.470302,32174,702,0,1640596874000.0
274,India,Odisha,20.505428,84.418059,1053881,8452,0,1640596874000.0
275,India,Puducherry,11.882658,78.86498,129415,1880,0,1640596874000.0
276,India,Punjab,30.841465,75.40879,604236,16638,0,1640596874000.0
277,India,Rajasthan,26.583423,73.847973,955480,8963,0,1640596874000.0
278,India,Sikkim,27.571671,88.472712,32480,409,0,1640596874000.0
279,India,Tamil Nadu,11.006091,78.400624,2744037,36735,0,1640596874000.0
280,India,Telangana,18.1124,79.0193,680662,4022,0,1640596874000.0
281,India,Tripura,23.746783,91.743565,85005,829,0,1640596874000.0
282,India,Unknown,,,0,0,0,1640596874000.0
283,India,Uttar Pradesh,26.925425,80.560982,1710931,22915,0,1640596874000.0
284,India,Uttarakhand,30.156447,79.197608,344779,7416,0,1640596874000.0
285,India,West Bengal,23.814082,87.979803,1630626,19716,0,1640596874000.0
286,Indonesia,,-0.7893,113.9213,4261759,144055,0,1640596874000.0
287,Iran,,32.427908,53.688046,6184762,131400,0,1640596874000.0
288,Iraq,,33.223191,43.679291,2092484,24130,0,1640596874000.0
289,Ireland,,53.1424,-7.6921,715726,5890,0,1640596874000.0
290,Israel,,31.046051,34.851612,1366238,8242,0,1640596874000.0
291,Italy,Abruzzo,42.35122196,13.39843823,96617,2629,0,1640596874000.0
292,Italy,Basilicata,40.63947052,15.80514834,34177,630,0,1640596874000.0
293,Italy,Calabria,38.90597598,16.59440194,104924,1583,0,1640596874000.0
294,Italy,Campania,40.83956555,14.25084984,537909,8407,0,1640596874000.0
295,Italy,Emilia-Romagna,44.49436681,11.3417208,508659,14146,0,1640596874000.0
296,Italy,Friuli Venezia Giulia,45.6494354,13.76813649,148925,4183,0,1640596874000.0
297,Italy,Lazio,41.89277044,12.48366722,478485,9217,0,1640596874000.0
298,Italy,Liguria,44.41149315,8.9326992,141610,4553,0,1640596874000.0
299,Italy,Lombardia,45.46679409,9.190347404,1070198,34940,0,1640596874000.0
300,Italy,Marche,43.61675973,13.5188753,138457,3216,0,1640596874000.0
301,Italy,Molise,41.55774754,14.65916051,15842,509,0,1640596874000.0
302,Italy,P.A. Bolzano,46.49933453,11.35662422,98287,1298,0,1640596874000.0
303,Italy,P.A. Trento,46.06893511,11.12123097,58347,1416,0,1640596874000.0
304,Italy,Piemonte,45.0732745,7.680687483,449538,11997,0,1640596874000.0
305,Italy,Puglia,41.12559576,16.86736689,293546,6954,0,1640596874000.0
306,Italy,Sardegna,39.21531192,9.110616306,84598,1720,0,1640596874000.0
307,Italy,Sicilia,38.11569725,13.3623567,354409,7427,0,1640596874000.0
308,Italy,Toscana,43.76923077,11.25588885,334283,7516,0,1640596874000.0
309,Italy,Umbria,43.10675841,12.38824698,76097,1501,0,1640596874000.0
310,Italy,Valle d'Aosta,45.73750286,7.320149366,14971,487,0,1640596874000.0
311,Italy,Veneto,45.43490485,12.33845213,607434,12282,0,1640596874000.0
312,Jamaica,,18.1096,-77.2975,92705,2463,0,1640596874000.0
313,Japan,Aichi,35.035551,137.211621,107032,1161,0,1640596874000.0
314,Japan,Akita,39.748679,140.408228,1934,27,0,1640596874000.0
315,Japan,Aomori,40.781541,140.828896,5901,38,0,1640596874000.0
316,Japan,Chiba,35.510141,140.198917,100623,1028,0,1640596874000.0
317,Japan,Ehime,33.624835,132.856842,5412,82,0,1640596874000.0
318,Japan,Fukui,35.846614,136.224654,3115,38,0,1640596874000.0
319,Japan,Fukuoka,33.526032,130.666949,74765,626,0,1640596874000.0
320,Japan,Fukushima,37.378867,140.223295,9512,176,0,1640596874000.0
321,Japan,Gifu,35.778671,137.055925,18935,219,0,1640596874000.0
322,Japan,Gunma,36.504479,138.985605,17289,176,0,1640596874000.0
323,Japan,Hiroshima,34.605309,132.788719,22187,202,0,1640596874000.0
324,Japan,Hokkaido,43.385711,142.552318,61391,1474,0,1640596874000.0
325,Japan,Hyogo,35.039913,134.828057,78837,1398,0,1640596874000.0
326,Japan,Ibaraki,36.303588,140.319591,24482,220,0,1640596874000.0
327,Japan,Ishikawa,36.769464,136.771027,8026,131,0,1640596874000.0
328,Japan,Iwate,39.593287,141.361777,3487,53,0,1640596874000.0
329,Japan,Kagawa,34.217292,133.969047,4702,38,0,1640596874000.0
330,Japan,Kagoshima,31.009484,130.430665,9120,66,0,1640596874000.0
331,Japan,Kanagawa,35.415312,139.338983,169722,1319,0,1640596874000.0
332,Japan,Kochi,33.422519,133.367307,4167,33,0,1640596874000.0
333,Japan,Kumamoto,32.608154,130.745231,14396,136,0,1640596874000.0
334,Japan,Kyoto,35.253815,135.443341,36095,292,0,1640596874000.0
335,Japan,Mie,34.508018,136.376013,14816,163,0,1640596874000.0
336,Japan,Miyagi,38.446859,140.927086,16288,118,0,1640596874000.0
337,Japan,Miyazaki,32.193204,131.299374,6139,41,0,1640596874000.0
338,Japan,Nagano,36.132134,138.045528,8927,97,0,1640596874000.0
339,Japan,Nagasaki,33.235712,129.608033,6123,73,0,1640596874000.0
340,Japan,Nara,34.317451,135.871644,15654,149,0,1640596874000.0
341,Japan,Niigata,37.521819,138.918647,8192,62,0,1640596874000.0
342,Japan,Oita,33.200697,131.43324,8187,84,0,1640596874000.0
343,Japan,Okayama,34.89246,133.826252,15555,136,0,1640596874000.0
344,Japan,Okinawa,25.768923,126.668016,50507,398,0,1640596874000.0
345,Japan,Osaka,34.620965,135.507481,203537,3064,0,1640596874000.0
346,Japan,Port Quarantine,,,4463,4,0,1636586504000.0
347,Japan,Saga,33.286977,130.115738,5869,30,0,1640596874000.0
348,Japan,Saitama,35.997101,139.347635,116027,1059,0,1640596874000.0
349,Japan,Shiga,35.215827,136.138064,12472,104,0,1640596874000.0
350,Japan,Shimane,35.07076,132.554064,1733,5,0,1640596874000.0
351,Japan,Shizuoka,34.916975,138.407784,26883,209,0,1640596874000.0
352,Japan,Tochigi,36.689912,139.819213,15558,117,0,1640596874000.0
353,Japan,Tokushima,33.919178,134.242091,3291,66,0,1640596874000.0
354,Japan,Tokyo,35.711343,139.446921,382799,3174,0,1640596874000.0
355,Japan,Tottori,35.359069,133.863619,1669,5,0,1640596874000.0
356,Japan,Toyama,36.637464,137.269346,4869,52,0,1640596874000.0
357,Japan,Unknown,,,8,0,0,1636586504000.0
358,Japan,Wakayama,33.911879,135.505446,5303,62,0,1640596874000.0
359,Japan,Yamagata,38.448396,140.102154,3606,56,0,1640596874000.0
360,Japan,Yamaguchi,34.20119,131.573293,5806,93,0,1640596874000.0
361,Japan,Yamanashi,35.612364,138.611489,5161,29,0,1640596874000.0
362,Jordan,,31.24,36.51,1047953,12372,0,1640596874000.0
363,Kazakhstan,,48.0196,66.9237,1070215,18160,0,1640596874000.0
364,Kenya,,-0.0236,37.9062,282554,5361,0,1640596874000.0
365,Kiribati,,-3.3704,-168.734,2,0,0,1640596874000.0
366,"Korea, South",,35.907757,127.766922,611670,5300,0,1640596874000.0
367,Kosovo,,42.602636,20.902977,161339,2990,0,1640596874000.0
368,Kuwait,,29.31166,47.481766,415151,2468,0,1640596874000.0
369,Kyrgyzstan,,41.20438,74.766098,184506,2797,0,1640596874000.0
370,Laos,,19.85627,102.495496,106231,325,0,1640596874000.0
371,Latvia,,56.8796,24.6032,271431,4503,0,1640596874000.0
372,Lebanon,,33.8547,35.8623,712570,9042,0,1640596874000.0
373,Lesotho,,-29.61,28.2336,28126,665,0,1640596874000.0
374,Liberia,,6.428055,-9.429499,5929,287,0,1640596874000.0
375,Libya,,26.3351,17.228331,385398,5651,0,1640596874000.0
376,Liechtenstein,,47.14,9.55,5934,69,0,1640596874000.0
377,Lithuania,,55.1694,23.8813,512224,7304,0,1640596874000.0
378,Luxembourg,,49.8153,6.1296,98983,907,0,1640596874000.0
379,MS Zaandam,,,,9,2,0,1640596874000.0
380,Madagascar,,-18.766947,46.869107,49590,1027,0,1640596874000.0
381,Malawi,,-13.2543,34.3015,71007,2332,0,1640596874000.0
382,Malaysia,Johor,1.4854,103.7618,243038,3848,0,1640596874000.0
383,Malaysia,Kedah,6.1184,100.3685,167104,2151,0,1640596874000.0
384,Malaysia,Kelantan,6.1254,102.2381,167099,1234,0,1640596874000.0
385,Malaysia,Melaka,2.1896,102.2501,75580,951,0,1640596874000.0
386,Malaysia,Negeri Sembilan,2.7258,101.9424,112945,1313,0,1640596874000.0
387,Malaysia,Pahang,3.8126,103.3256,94074,758,0,1640596874000.0
388,Malaysia,Perak,4.5921,101.0901,128176,1374,0,1640596874000.0
389,Malaysia,Perlis,6.4449,100.2048,7094,135,0,1640596874000.0
390,Malaysia,Pulau Pinang,5.4141,100.3288,160101,1735,0,1640596874000.0
391,Malaysia,Sabah,5.9788,116.0753,239590,2772,0,1640596874000.0
392,Malaysia,Sarawak,1.5533,110.3592,252199,1615,0,1640596874000.0
393,Malaysia,Selangor,3.0738,101.5183,782514,9916,0,1640596874000.0
394,Malaysia,Terengganu,5.3117,103.1324,81747,697,0,1640596874000.0
395,Malaysia,Unknown,,,0,0,0,1640596874000.0
396,Malaysia,W.P. Kuala Lumpur,3.139,101.6869,209840,2662,0,1640596874000.0
397,Malaysia,W.P. Labuan,5.2831,115.2308,10795,151,0,1640596874000.0
398,Malaysia,W.P. Putrajaya,2.9264,101.6964,9283,22,0,1640596874000.0
399,Maldives,,3.2028,73.2207,94864,261,0,1640596874000.0
400,Mali,,17.570692,-3.996166,20079,654,0,1640596874000.0
401,Malta,,35.9375,14.3754,46250,475,0,1640596874000.0
402,Marshall Islands,,7.1315,171.1845,4,0,0,1640596874000.0
403,Mauritania,,21.0079,-10.9408,40504,862,0,1640596874000.0
404,Mauritius,,-20.348404,57.552152,23208,240,0,1640596874000.0
405,Mexico,Aguascalientes,21.8853,-102.2916,38658,3022,0,1640596874000.0
406,Mexico,Baja California,30.8406,-115.2838,89763,10903,0,1640596874000.0
407,Mexico,Baja California Sur,26.0444,-111.6661,59251,2417,0,1640596874000.0
408,Mexico,Campeche,19.8301,-90.5349,24265,2106,0,1640596874000.0
409,Mexico,Chiapas,16.7569,-93.1292,23613,2296,0,1640596874000.0
410,Mexico,Chihuahua,28.633,-106.0691,79151,8650,0,1640596874000.0
411,Mexico,Ciudad de Mexico,19.4326,-99.1332,995257,40313,0,1640596874000.0
412,Mexico,Coahuila,27.0587,-101.7068,101108,7777,0,1640596874000.0
413,Mexico,Colima,19.1223,-104.0072,33450,2039,0,1640596874000.0
414,Mexico,Durango,24.5593,-104.6588,50729,3152,0,1640596874000.0
415,Mexico,Guanajuato,21.019,-101.2574,202145,13372,0,1640596874000.0
416,Mexico,Guerrero,17.4392,-99.5451,77425,6318,0,1640596874000.0
417,Mexico,Hidalgo,20.0911,-98.7624,63070,7902,0,1640596874000.0
418,Mexico,Jalisco,20.6595,-103.3494,165465,17772,0,1640596874000.0
419,Mexico,Mexico,19.4969,-99.7233,382312,44815,0,1640596874000.0
420,Mexico,Michoacan,19.5665,-101.7068,73838,8269,0,1640596874000.0
421,Mexico,Morelos,18.6813,-99.1013,51014,4956,0,1640596874000.0
422,Mexico,Nayarit,21.7514,-104.8455,34529,2909,0,1640596874000.0
423,Mexico,Nuevo Leon,25.5922,-99.9962,208910,13715,0,1640596874000.0
424,Mexico,Oaxaca,17.0732,-96.7266,83893,5651,0,1640596874000.0
425,Mexico,Puebla,19.0414,-98.2063,126388,15709,0,1640596874000.0
426,Mexico,Queretaro,20.5888,-100.3899,100007,5661,0,1640596874000.0
427,Mexico,Quintana Roo,19.1817,-88.4791,60492,4100,0,1640596874000.0
428,Mexico,San Luis Potosi,22.1565,-100.9855,107378,6808,0,1640596874000.0
429,Mexico,Sinaloa,25.1721,-107.4795,75465,8962,0,1640596874000.0
430,Mexico,Sonora,29.2972,-110.3309,122477,9066,0,1640596874000.0
431,Mexico,Tabasco,17.8409,-92.6189,144181,5754,0,1640596874000.0
432,Mexico,Tamaulipas,24.2669,-98.8363,104127,7112,0,1640596874000.0
433,Mexico,Tlaxcala,19.3139,-98.2404,29623,3000,0,1640596874000.0
434,Mexico,Unknown,,,0,0,0,1640596874000.0
435,Mexico,Veracruz,19.1738,-96.1342,124677,15088,0,1640596874000.0
436,Mexico,Yucatan,20.7099,-89.0943,75711,5719,0,1640596874000.0
437,Mexico,Zacatecas,22.7709,-102.5832,42631,3444,0,1640596874000.0
438,Micronesia,,7.4256,150.5508,1,0,0,1640596874000.0
439,Moldova,,47.4116,28.3699,374526,9613,0,1640596874000.0
440,Monaco,,43.7333,7.4167,4766,38,0,1640596874000.0
441,Mongolia,,46.8625,103.8467,388598,2055,0,1640596874000.0
442,Montenegro,,42.708678,19.37439,163373,2394,0,1640596874000.0
443,Morocco,,31.7917,-7.0926,956119,14828,0,1640596874000.0
444,Mozambique,,-18.665695,35.529562,171502,1968,0,1640596874000.0
445,Namibia,,-22.9576,18.4904,145637,3610,0,1640596874000.0
446,Nepal,,28.1667,84.25,827271,11585,0,1640596874000.0
447,Netherlands,Aruba,12.5211,-69.9683,17648,181,0,1640596874000.0
448,Netherlands,"Bonaire, Sint Eustatius and Saba",12.1784,-68.2385,3277,23,0,1640596874000.0
449,Netherlands,Curacao,12.1696,-68.99,19049,186,0,1640596874000.0
450,Netherlands,Drenthe,52.862485,6.618435,61980,413,0,1640596874000.0
451,Netherlands,Flevoland,52.550383,5.515162,70853,303,0,1640596874000.0
452,Netherlands,Friesland,53.087337,5.7925,95460,575,0,1640596874000.0
453,Netherlands,Gelderland,52.061738,5.939114,350452,2557,0,1640596874000.0
454,Netherlands,Groningen,53.217922,6.741514,73938,328,0,1640596874000.0
455,Netherlands,Limburg,51.209227,5.93387,226357,2030,0,1640596874000.0
456,Netherlands,Noord-Brabant,51.561174,5.184942,470102,3519,0,1640596874000.0
457,Netherlands,Noord-Holland,52.600906,4.918688,503643,3071,0,1640596874000.0
458,Netherlands,Overijssel,52.444558,6.441722,197797,1325,0,1640596874000.0
459,Netherlands,Sint Maarten,18.0425,-63.0548,4774,75,0,1640596874000.0
460,Netherlands,Unknown,,,14458,19,0,1640596874000.0
461,Netherlands,Utrecht,52.084251,5.163824,240610,1450,0,1640596874000.0
462,Netherlands,Zeeland,51.47936,3.861559,62900,296,0,1640596874000.0
463,Netherlands,Zuid-Holland,51.937835,4.462114,696460,4830,0,1640596874000.0
464,New Zealand,,-40.9006,174.886,13899,50,0,1640596874000.0
465,New Zealand,Cook Islands,-21.2367,-159.7777,2,0,0,1640596874000.0
466,Nicaragua,,12.865416,-85.207229,17442,216,0,1640596874000.0
467,Niger,,17.607789,8.081666,7271,274,0,1640596874000.0
468,Nigeria,,9.082,8.6753,237561,3022,0,1640596874000.0
469,North Macedonia,,41.6086,21.7453,223211,7904,0,1640596874000.0
470,Norway,,60.472,8.4689,374337,1257,0,1640596874000.0
471,Oman,,21.512583,55.923255,305174,4114,0,1640596874000.0
472,Pakistan,Azad Jammu and Kashmir,34.027401,73.947253,34657,746,0,1640596874000.0
473,Pakistan,Balochistan,28.328492,65.898403,33624,363,0,1640596874000.0
474,Pakistan,Gilgit-Baltistan,35.792146,74.982138,10429,186,0,1640596874000.0
475,Pakistan,Islamabad,33.665087,73.121219,108450,966,0,1640596874000.0
476,Pakistan,Khyber Pakhtunkhwa,34.485332,72.09169,181235,5922,0,1640596874000.0
477,Pakistan,Punjab,30.811346,72.139132,444610,13064,0,1640596874000.0
478,Pakistan,Sindh,26.009446,68.776807,480710,7662,0,1640596874000.0
479,Palau,,7.515,134.5825,8,0,0,1640596874000.0
480,Panama,,8.538,-80.7821,487767,7416,0,1640596874000.0
481,Papua New Guinea,,-6.314993,143.95555,36110,589,0,1640596874000.0
482,Paraguay,,-23.4425,-58.4438,465028,16596,0,1640596874000.0
483,Peru,Amazonas,-5.077253,-78.050172,32548,1278,0,1640596874000.0
484,Peru,Ancash,-9.407125,-77.671795,80554,6749,0,1640596874000.0
485,Peru,Apurimac,-14.027713,-72.975378,26688,1525,0,1640596874000.0
486,Peru,Arequipa,-15.843524,-72.475539,116938,9745,0,1640596874000.0
487,Peru,Ayacucho,-14.091648,-74.08344,34948,2155,0,1640596874000.0
488,Peru,Cajamarca,-6.430284,-78.745596,67079,4171,0,1640596874000.0
489,Peru,Callao,-11.954609,-77.136042,103370,10096,0,1640596874000.0
490,Peru,Cusco,-13.191068,-72.153609,75428,4826,0,1640596874000.0
491,Peru,Huancavelica,-13.023888,-75.00277,16479,1181,0,1640596874000.0
492,Peru,Huanuco,-9.421676,-76.040642,36585,2714,0,1640596874000.0
493,Peru,Ica,-14.235097,-75.574821,60871,8589,0,1640596874000.0
494,Peru,Junin,-11.541783,-74.876968,88815,7089,0,1640596874000.0
495,Peru,La Libertad,-7.92139,-78.370238,92585,10357,0,1640596874000.0
496,Peru,Lambayeque,-6.353049,-79.824113,64055,8659,0,1640596874000.0
497,Peru,Lima,-11.766533,-76.604498,993426,89268,0,1640596874000.0
498,Peru,Loreto,-4.124847,-74.424115,45289,4273,0,1640596874000.0
499,Peru,Madre de Dios,-11.972699,-70.53172,14047,773,0,1640596874000.0
500,Peru,Moquegua,-16.860271,-70.839046,29994,1535,0,1640596874000.0
501,Peru,Pasco,-10.39655,-75.307635,16266,1050,0,1640596874000.0
502,Peru,Piura,-5.133361,-80.335861,93823,12220,0,1640596874000.0
503,Peru,Puno,-14.995827,-69.922726,41774,4239,0,1640596874000.0
504,Peru,San Martin,-7.039531,-76.729127,49212,3042,0,1640596874000.0
505,Peru,Tacna,-17.644161,-70.27756,31212,1971,0,1640596874000.0
506,Peru,Tumbes,-3.857496,-80.545255,19479,1589,0,1640596874000.0
507,Peru,Ucayali,-9.621718,-73.444929,32274,3060,0,1640596874000.0
508,Peru,Unknown,,,15068,334,0,1640596874000.0
509,Philippines,,12.879721,121.774017,2838640,51200,0,1640596874000.0
510,Poland,,51.9194,19.1451,4049838,94327,0,1640596874000.0
511,Portugal,,39.3999,-8.2245,1279785,18874,0,1640596874000.0
512,Qatar,,25.3548,51.1839,248092,615,0,1640596874000.0
513,Romania,,45.9432,24.9668,1802745,58551,0,1640596874000.0
514,Russia,Adygea Republic,44.6939006,40.1520421,26937,723,0,1640596874000.0
515,Russia,Altai Krai,52.6932243,82.6931424,117657,6478,0,1640596874000.0
516,Russia,Altai Republic,50.7114101,86.8572186,25212,506,0,1640596874000.0
517,Russia,Amur Oblast,52.8032368,128.437295,53463,602,0,1640596874000.0
518,Russia,Arkhangelsk Oblast,63.5589686,43.1221646,122402,1497,0,1640596874000.0
519,Russia,Astrakhan Oblast,47.1878186,47.608851,80409,2375,0,1640596874000.0
520,Russia,Bashkortostan Republic,54.8573563,57.1439682,120610,4317,0,1640596874000.0
521,Russia,Belgorod Oblast,50.7080119,37.5837615,80779,1719,0,1640596874000.0
522,Russia,Bryansk Oblast,52.8873315,33.415853,95668,2832,0,1640596874000.0
523,Russia,Buryatia Republic,52.7182426,109.492143,75549,2391,0,1640596874000.0
524,Russia,Chechen Republic,43.3976147,45.6985005,30672,922,0,1640596874000.0
525,Russia,Chelyabinsk Oblast,54.4223954,61.1865846,143200,5925,0,1640596874000.0
526,Russia,Chukotka Autonomous Okrug,66.0006475,169.4900869,2953,34,0,1640596874000.0
527,Russia,Chuvashia Republic,55.4259922,47.0849429,46250,3811,0,1640596874000.0
528,Russia,Dagestan Republic,43.0574916,47.1332224,65436,3169,0,1640596874000.0
529,Russia,Ingushetia Republic,43.11542075,45.01713552,28354,473,0,1640596874000.0
530,Russia,Irkutsk Oblast,56.6370122,104.719221,154592,6855,0,1640596874000.0
531,Russia,Ivanovo Oblast,56.9167446,41.4352137,67325,2466,0,1640596874000.0
532,Russia,Jewish Autonomous Okrug,48.57527615,132.6630746,11476,411,0,1640596874000.0
533,Russia,Kabardino-Balkarian Republic,43.4806048,43.5978976,41597,1411,0,1640596874000.0
534,Russia,Kaliningrad Oblast,54.7293041,21.1489473,81441,1228,0,1640596874000.0
535,Russia,Kalmykia Republic,46.2313018,45.3275745,33941,725,0,1640596874000.0
536,Russia,Kaluga Oblast,54.4382773,35.5272854,64562,1190,0,1640596874000.0
537,Russia,Kamchatka Krai,57.1914882,160.0383819,23668,505,0,1640596874000.0
538,Russia,Karachay-Cherkess Republic,43.7368326,41.7267991,31986,902,0,1640596874000.0
539,Russia,Karelia Republic,62.6194031,33.4920267,89277,1182,0,1640596874000.0
540,Russia,Kemerovo Oblast,54.5335781,87.342861,83629,1695,0,1640596874000.0
541,Russia,Khabarovsk Krai,51.6312684,136.121524,123389,1217,0,1640596874000.0
542,Russia,Khakassia Republic,53.72258845,91.44293627,53440,1939,0,1640596874000.0
543,Russia,Khanty-Mansi Autonomous Okrug,61.0259025,69.0982628,95213,1958,0,1640596874000.0
544,Russia,Kirov Oblast,57.9665589,49.4074599,78086,741,0,1640596874000.0
545,Russia,Komi Republic,63.9881421,54.3326073,96585,2586,0,1640596874000.0
546,Russia,Kostroma Oblast,58.424756,44.2533273,48490,1096,0,1640596874000.0
547,Russia,Krasnodar Krai,45.7684014,39.0261044,116975,9677,0,1640596874000.0
548,Russia,Krasnoyarsk Krai,63.3233807,97.0979974,170938,8470,0,1640596874000.0
549,Russia,Kurgan Oblast,55.7655302,64.5632681,49927,991,0,1640596874000.0
550,Russia,Kursk Oblast,51.6568453,36.4852695,81575,2001,0,1640596874000.0
551,Russia,Leningrad Oblast,60.1853296,32.3925325,100235,2983,0,1640596874000.0
552,Russia,Lipetsk Oblast,52.6935178,39.1122664,83348,2761,0,1640596874000.0
553,Russia,Magadan Oblast,62.48858785,153.9903764,13594,345,0,1640596874000.0
554,Russia,Mari El Republic,56.5767504,47.8817512,29175,927,0,1640596874000.0
555,Russia,Mordovia Republic,54.4419829,44.4661144,40094,1009,0,1640596874000.0
556,Russia,Moscow,55.7504461,37.6174943,2021841,36488,0,1640596874000.0
557,Russia,Moscow Oblast,55.5043158,38.0353929,636354,11917,0,1640596874000.0
558,Russia,Murmansk Oblast,68.0000418,33.9999151,91241,2752,0,1640596874000.0
559,Russia,Nenets Autonomous Okrug,68.27557185,57.1686375,3486,85,0,1640596874000.0
560,Russia,Nizhny Novgorod Oblast,55.4718033,44.0911594,230027,9701,0,1640596874000.0
561,Russia,North Ossetia - Alania Republic,42.7933611,44.6324493,30668,941,0,1640596874000.0
562,Russia,Novgorod Oblast,58.2843833,32.5169757,64719,749,0,1640596874000.0
563,Russia,Novosibirsk Oblast,54.9720169,79.4813924,93182,4178,0,1640596874000.0
564,Russia,Omsk Oblast,56.0935263,73.5099936,128874,3129,0,1640596874000.0
565,Russia,Orel Oblast,52.9685433,36.0692477,69773,1469,0,1640596874000.0
566,Russia,Orenburg Oblast,52.0269262,54.7276647,107417,3421,0,1640596874000.0
567,Russia,Penza Oblast,53.1655415,44.7879181,100787,4587,0,1640596874000.0
568,Russia,Perm Krai,58.5951603,56.3159546,158272,7388,0,1640596874000.0
569,Russia,Primorsky Krai,45.0819456,134.726645,100322,1529,0,1640596874000.0
570,Russia,Pskov Oblast,57.5358729,28.8586826,70672,1239,0,1640596874000.0
571,Russia,Rostov Oblast,47.6222451,40.7957942,192156,9508,0,1640596874000.0
572,Russia,Ryazan Oblast,54.4226732,40.5705246,60948,2454,0,1640596874000.0
573,Russia,Saint Petersburg,59.9606739,30.1586551,845519,27805,0,1640596874000.0
574,Russia,Sakha (Yakutiya) Republic,66.941626,129.642371,75651,1775,0,1640596874000.0
575,Russia,Sakhalin Oblast,49.7219665,143.448533,41655,516,0,1640596874000.0
576,Russia,Samara Oblast,53.2128813,50.8914633,198389,6200,0,1640596874000.0
577,Russia,Saratov Oblast,51.6520555,46.8631952,131858,4999,0,1640596874000.0
578,Russia,Smolensk Oblast,55.0343496,33.0192065,84283,2338,0,1640596874000.0
579,Russia,Stavropol Krai,44.8632577,43.4406913,124733,5998,0,1640596874000.0
580,Russia,Sverdlovsk Oblast,58.6414755,61.8021546,196517,9298,0,1640596874000.0
581,Russia,Tambov Oblast,52.9019574,41.3578918,60300,1674,0,1640596874000.0
582,Russia,Tatarstan Republic,55.7648572,52.43104273,42360,1416,0,1640596874000.0
583,Russia,Tomsk Oblast,58.6124279,82.0475315,61246,669,0,1640596874000.0
584,Russia,Tula Oblast,53.9570701,37.3690909,74295,4207,0,1640596874000.0
585,Russia,Tver Oblast,57.1134475,35.1744428,97618,2314,0,1640596874000.0
586,Russia,Tyumen Oblast,58.8206488,70.3658837,89005,3328,0,1640596874000.0
587,Russia,Tyva Republic,51.4017149,93.8582593,31504,317,0,1640596874000.0
588,Russia,Udmurt Republic,57.1961165,52.6959832,78752,3220,0,1640596874000.0
589,Russia,Ulyanovsk Oblast,54.1463177,47.2324921,119688,3722,0,1640596874000.0
590,Russia,Vladimir Oblast,56.0503336,40.6561633,80310,2910,0,1640596874000.0
591,Russia,Volgograd Oblast,49.6048339,44.2903582,128104,5453,0,1640596874000.0
592,Russia,Vologda Oblast,60.0391461,43.1215213,99149,2924,0,1640596874000.0
593,Russia,Voronezh Oblast,50.9800393,40.1506507,192867,6826,0,1640596874000.0
594,Russia,Yamalo-Nenets Autonomous Okrug,67.1471631,74.3415488,61651,950,0,1640596874000.0
595,Russia,Yaroslavl Oblast,57.7781976,39.0021095,84623,1832,0,1640596874000.0
596,Russia,Zabaykalsky Krai,52.248521,115.956325,95376,1806,0,1640596874000.0
597,Rwanda,,-1.9403,29.8739,105027,1347,0,1640596874000.0
598,Saint Kitts and Nevis,,17.357822,-62.782998,2843,28,0,1640596874000.0
599,Saint Lucia,,13.9094,-60.9789,13302,295,0,1640596874000.0
600,Saint Vincent and the Grenadines,,12.9843,-61.2872,5828,81,0,1640596874000.0
601,Samoa,,-13.759,-172.1046,3,0,0,1640596874000.0
602,San Marino,,43.9424,12.4578,7526,98,0,1640596874000.0
603,Sao Tome and Principe,,0.1864,6.6131,3758,57,0,1640596874000.0
604,Saudi Arabia,,23.885942,45.079162,552795,8871,0,1640596874000.0
605,Senegal,,14.4974,-14.4524,74412,1890,0,1640596874000.0
606,Serbia,,44.0165,21.0059,1290469,12594,0,1640596874000.0
607,Seychelles,,-4.6796,55.492,24249,131,0,1640596874000.0
608,Sierra Leone,,8.460555,-11.779889,6744,123,0,1640596874000.0
609,Singapore,,1.2833,103.8333,277764,822,0,1640596874000.0
610,Slovakia,,48.669,19.699,1349806,16398,0,1640596874000.0
611,Slovenia,,46.1512,14.9955,456057,5543,0,1640596874000.0
612,Solomon Islands,,-9.6457,160.1562,20,0,0,1640596874000.0
613,Somalia,,5.152149,46.199616,23532,1333,0,1640596874000.0
614,South Africa,,-30.5595,22.9375,3413540,90814,0,1640596874000.0
615,South Sudan,,6.877,31.307,14843,135,0,1640596874000.0
616,Spain,Andalusia,37.5443,-4.7278,882708,11439,0,1640596874000.0
617,Spain,Aragon,41.5976,-0.9057,191486,4047,0,1640596874000.0
618,Spain,Asturias,43.3614,-5.8593,86008,2136,0,1640596874000.0
619,Spain,Baleares,39.710358,2.995148,119510,1047,0,1640596874000.0
620,Spain,C. Valenciana,39.484,-0.7533,589559,8037,0,1640596874000.0
621,Spain,Canarias,28.2916,-16.6291,125949,1110,0,1640596874000.0
622,Spain,Cantabria,43.1828,-3.9878,53588,623,0,1640596874000.0
623,Spain,Castilla - La Mancha,39.2796,-3.0977,256804,6564,0,1640596874000.0
624,Spain,Castilla y Leon,41.8357,-4.3976,347201,7524,0,1640596874000.0
625,Spain,Catalonia,41.5912,1.5209,1056925,16090,0,1640596874000.0
626,Spain,Ceuta,35.8894,-5.3213,8675,131,0,1640596874000.0
627,Spain,Extremadura,39.4937,-6.0679,114642,2009,0,1640596874000.0
628,Spain,Galicia,42.5751,-8.1339,219394,2734,0,1640596874000.0
629,Spain,La Rioja,42.2871,-2.5396,46571,838,0,1640596874000.0
630,Spain,Madrid,40.4168,-3.7038,1012720,16370,0,1640596874000.0
631,Spain,Melilla,35.2923,-2.9381,12224,119,0,1640596874000.0
632,Spain,Murcia,37.9922,-1.1307,166144,1797,0,1640596874000.0
633,Spain,Navarra,42.6954,-1.6761,105313,1283,0,1640596874000.0
634,Spain,Pais Vasco,42.9896,-2.6189,322586,5121,0,1640596874000.0
635,Spain,Unknown,,,0,0,0,1619392849000.0
636,Sri Lanka,,7.873054,80.771797,583649,14884,0,1640596874000.0
637,Sudan,,12.8628,30.2176,46100,3298,0,1640596874000.0
638,Summer Olympics 2020,,35.6491,139.7737,865,0,0,1640596874000.0
639,Suriname,,3.9193,-56.0278,51593,1187,0,1640596874000.0
640,Sweden,Blekinge,56.2784,15.018,14993,136,0,1640596874000.0
641,Sweden,Dalarna,61.0917,14.6664,31370,360,0,1640596874000.0
642,Sweden,Gavleborg,61.3012,16.1534,40705,571,0,1640596874000.0
643,Sweden,Gotland,57.4684,18.4867,4868,54,0,1640596874000.0
644,Sweden,Halland,56.8967,12.8034,46841,335,0,1640596874000.0
645,Sweden,Jamtland Harjedalen,63.1712,14.9592,14136,129,0,1640596874000.0
646,Sweden,Jonkoping,57.3708,14.3439,48242,569,0,1640596874000.0
647,Sweden,Kalmar,57.235,16.1849,28407,257,0,1640596874000.0
648,Sweden,Kronoberg,56.7183,14.4115,24725,330,0,1640596874000.0
649,Sweden,Norrbotten,66.8309,20.3992,29466,299,0,1640596874000.0
650,Sweden,Orebro,59.535,15.0066,38357,358,0,1640596874000.0
651,Sweden,Ostergotland,58.3454,15.5198,47089,661,0,1640596874000.0
652,Sweden,Skane,55.9903,13.5958,183799,1822,0,1640596874000.0
653,Sweden,Sormland,59.0336,16.7519,29802,489,0,1640596874000.0
654,Sweden,Stockholm,59.6025,18.1384,308165,4558,0,1640596874000.0
655,Sweden,Uppsala,60.0092,17.2715,47162,554,0,1640596874000.0
656,Sweden,Varmland,59.7294,13.2354,24240,231,0,1640596874000.0
657,Sweden,Vasterbotten,65.3337,16.5162,28064,203,0,1640596874000.0
658,Sweden,Vasternorrland,63.4276,17.7292,29833,488,0,1640596874000.0
659,Sweden,Vastmanland,59.6714,16.2159,36288,383,0,1640596874000.0
660,Sweden,Vastra Gotaland,58.2528,13.0596,216761,2478,0,1640596874000.0
661,Switzerland,,46.8182,8.2275,1227395,12068,0,1640596874000.0
662,Syria,,34.802075,38.996815,50089,2875,0,1640596874000.0
663,Taiwan*,,23.7,121.0,16915,850,0,1640596874000.0
664,Tajikistan,,38.861,71.2761,17493,125,0,1640596874000.0
665,Tanzania,,-6.369028,34.888822,26483,734,0,1640596874000.0
666,Thailand,,15.870032,100.992541,2212407,21598,0,1640596874000.0
667,Timor-Leste,,-8.874217,125.727539,19833,122,0,1640596874000.0
668,Togo,,8.6195,0.8248,28268,246,0,1640596874000.0
669,Tonga,,-21.179,-175.1982,1,0,0,1640596874000.0
670,Trinidad and Tobago,,10.6918,-61.2225,89829,2768,0,1640596874000.0
671,Tunisia,,33.886917,9.537499,723093,25532,0,1640596874000.0
672,Turkey,,38.9637,35.2433,9309094,81576,0,1640596874000.0
673,Uganda,,1.373333,32.290275,134348,3275,0,1640596874000.0
674,Ukraine,Cherkasy Oblast,49.4444,32.0598,127722,2566,0,1640596874000.0
675,Ukraine,Chernihiv Oblast,51.4982,31.2893,94280,2392,0,1640596874000.0
676,Ukraine,Chernivtsi Oblast,48.2917,25.9352,118939,2985,0,1640596874000.0
677,Ukraine,Crimea Republic*,45.2835,34.2008,126436,4252,0,1640596874000.0
678,Ukraine,Dnipropetrovsk Oblast,48.4647,35.0462,241429,8762,0,1640596874000.0
679,Ukraine,Donetsk Oblast,48.0159,37.8028,166462,5056,0,1640596874000.0
680,Ukraine,Ivano-Frankivsk Oblast,48.9226,24.7111,126707,3063,0,1640596874000.0
681,Ukraine,Kharkiv Oblast,49.9935,36.2304,242243,6270,0,1640596874000.0
682,Ukraine,Kherson Oblast,46.6354,32.6169,78601,2666,0,1640596874000.0
683,Ukraine,Khmelnytskyi Oblast,49.423,26.9871,145871,3282,0,1640596874000.0
684,Ukraine,Kiev,50.4501,30.5234,327650,8111,0,1640596874000.0
685,Ukraine,Kiev Oblast,50.053,30.7667,184336,4620,0,1640596874000.0
686,Ukraine,Kirovohrad Oblast,48.5079,32.2623,32790,1488,0,1640596874000.0
687,Ukraine,Luhansk Oblast,48.574,39.3078,59502,2182,0,1640596874000.0
688,Ukraine,Lviv Oblast,49.8397,24.0297,218958,5932,0,1640596874000.0
689,Ukraine,Mykolaiv Oblast,46.975,31.9946,114924,3252,0,1640596874000.0
690,Ukraine,Odessa Oblast,46.4846,30.7326,238342,5512,0,1640596874000.0
691,Ukraine,Poltava Oblast,49.5883,34.5514,138728,3661,0,1640596874000.0
692,Ukraine,Rivne Oblast,50.6199,26.2516,126980,2243,0,1640596874000.0
693,Ukraine,Sevastopol*,44.6054,33.522,52493,1826,0,1640596874000.0
694,Ukraine,Sumy Oblast,50.9077,34.7981,130393,2795,0,1640596874000.0
695,Ukraine,Ternopil Oblast,49.5535,25.5948,106976,2091,0,1640596874000.0
696,Ukraine,Vinnytsia Oblast,49.2331,28.4682,111551,3056,0,1640596874000.0
697,Ukraine,Volyn Oblast,50.7472,25.3254,103229,2158,0,1640596874000.0
698,Ukraine,Zakarpattia Oblast,48.6208,22.2879,87178,2318,0,1640596874000.0
699,Ukraine,Zaporizhia Oblast,47.8388,35.1396,181420,5161,0,1640596874000.0
700,Ukraine,Zhytomyr Oblast,50.2547,28.6587,139913,3216,0,1640596874000.0
701,United Arab Emirates,,23.424076,53.847818,751333,2158,0,1640596874000.0
702,United Kingdom,Anguilla,18.2206,-63.0686,1646,5,0,1640596874000.0
703,United Kingdom,Bermuda,32.3078,-64.7505,6014,106,0,1640596874000.0
704,United Kingdom,British Virgin Islands,18.4207,-64.64,3016,39,0,1640596874000.0
705,United Kingdom,Cayman Islands,19.3133,-81.2546,8386,11,0,1640596874000.0
706,United Kingdom,Channel Islands,49.3723,-2.3644,23627,112,0,1640596874000.0
707,United Kingdom,England,52.3555,-1.1743,10115910,128528,0,1640596874000.0
708,United Kingdom,Falkland Islands (Malvinas),-51.7963,-59.5236,83,0,0,1640596874000.0
709,United Kingdom,Gibraltar,36.1408,-5.3536,8142,100,0,1640596874000.0
710,United Kingdom,Isle of Man,54.2361,-4.5481,13438,67,0,1640596874000.0
711,United Kingdom,Montserrat,16.742498,-62.187366,45,1,0,1640596874000.0
712,United Kingdom,Northern Ireland,54.7877,-6.4923,367181,2962,0,1640596874000.0
713,United Kingdom,"Saint Helena, Ascension and Tristan da Cunha",-7.9467,-14.3559,4,0,0,1640596874000.0
714,United Kingdom,Scotland,56.4907,-4.2026,831158,9822,0,1640596874000.0
715,United Kingdom,Turks and Caicos Islands,21.694,-71.7979,3235,26,0,1640596874000.0
716,United Kingdom,Unknown,,,0,0,0,1640596874000.0
717,United Kingdom,Wales,52.1307,-3.7837,577043,6545,0,1640596874000.0
718,Uruguay,,-32.5228,-55.7658,407381,6163,0,1640596874000.0
719,Uzbekistan,,41.377491,64.585262,198387,1481,0,1640596874000.0
720,Vanuatu,,-15.3767,166.9592,7,1,0,1640596874000.0
721,Venezuela,,6.4238,-66.5897,443332,5314,0,1640596874000.0
722,Vietnam,,14.058324,108.277199,1651673,31214,0,1640596874000.0
723,West Bank and Gaza,,31.9522,35.2332,467682,4884,0,1640596874000.0
724,Yemen,,15.552727,48.516388,10115,1983,0,1640596874000.0
725,Zambia,,-13.133897,27.849332,233120,3702,0,1640596874000.0
726,Zimbabwe,,-19.015438,29.154857,204351,4891,0,1640596874000.0
727,US,Mississippi,32.741646,-89.678696,525502,10393,0,1640596874000.0
728,US,Grand Princess,37.64894,-122.665479,103,3,0,1596508076000.0
729,US,Oklahoma,35.565342,-96.928917,694210,12348,0,1640596874000.0
730,US,Delaware,39.318523,-75.507141,172827,2271,0,1640596874000.0
731,US,Minnesota,45.694454,-93.900192,996224,10440,0,1640596874000.0
732,US,Illinois,40.349457,-88.986137,2021302,29868,0,1640596874000.0
733,US,Arkansas,34.969704,-92.373123,550413,9066,0,1640596874000.0
734,US,New Mexico,34.840515,-106.248482,342649,5745,0,1640596874000.0
735,US,Indiana,39.849426,-86.258278,1200926,18696,0,1640596874000.0
736,US,Louisiana,31.169546,-91.867805,790373,14953,0,1640596874000.0
737,US,Texas,31.054487,-97.563461,4476910,75322,0,1640596874000.0
738,US,Wisconsin,44.268543,-89.616508,1083442,11017,0,1640596874000.0
739,US,Kansas,38.5266,-96.726486,506379,6954,0,1640596874000.0
740,US,Recovered,0.0,0.0,0,0,0,1640596874000.0
741,US,American Samoa,-14.271,-170.132,10,0,0,1640596874000.0
742,US,Connecticut,41.597782,-72.755371,474557,9077,0,1640596874000.0
743,US,Virgin Islands,18.3358,-64.8963,8213,88,0,1640596874000.0
744,US,California,36.116203,-119.681564,5310698,76139,0,1640596874000.0
745,US,Puerto Rico,18.2208,-66.5901,232336,3291,0,1640596874000.0
746,US,Georgia,33.040619,-83.643074,1733600,31209,0,1640596874000.0
747,US,North Dakota,47.528912,-99.784012,171429,2040,0,1640596874000.0
748,US,Pennsylvania,40.590752,-77.209755,1954488,36050,0,1640596874000.0
749,US,West Virginia,38.491226,-80.954453,319035,5251,0,1640596874000.0
750,US,Alaska,61.370716,-152.404419,155294,976,0,1640596874000.0
751,US,Tennessee,35.747845,-86.692345,1366921,20377,0,1640596874000.0
752,US,United States Virgin Islands,18.35,-64.933,0,0,0,
753,US,Missouri,38.456085,-92.288368,983061,16018,0,1640596874000.0
754,US,South Dakota,44.299782,-99.438828,175677,2456,0,1640596874000.0
755,US,Colorado,39.059811,-105.311104,886250,10074,0,1640596874000.0
756,US,New Jersey,40.298904,-74.521011,1443915,28861,0,1640596874000.0
757,US,Guam,13.4443,144.7937,19458,270,0,1640596874000.0
758,US,Washington,47.400902,-121.490494,813741,9784,0,1640596874000.0
759,US,New York,42.165726,-74.948051,3184372,58980,0,1640596874000.0
760,US,Nevada,38.313515,-117.055374,474023,8363,0,1640596874000.0
761,US,Northern Mariana Islands,15.0979,145.6739,2893,11,0,1640596874000.0
762,US,Diamond Princess,35.4437,139.638,49,0,0,1596508076000.0
763,US,Maryland,39.063946,-76.802101,663414,11255,0,1640596874000.0
764,US,Idaho,44.240459,-114.478828,315726,4099,0,1640596874000.0
765,US,Wyoming,42.755966,-107.30249,114242,1526,0,1640596874000.0
766,US,Arizona,33.729759,-111.431221,1355052,23982,0,1640596874000.0
767,US,Iowa,42.011539,-93.210526,563955,7799,0,1640596874000.0
768,US,Michigan,43.326618,-84.536095,1645578,28345,0,1640596874000.0
769,US,Utah,40.150032,-111.862434,623703,3754,0,1640596874000.0
770,US,Virginia,37.769337,-78.169968,1049336,15294,0,1640596874000.0
771,US,Oregon,44.572021,-122.070938,410565,5598,0,1640596874000.0
772,US,Montana,46.921925,-110.454353,195669,2895,0,1640596874000.0
773,US,New Hampshire,43.452492,-71.563896,189987,1877,0,1640596874000.0
774,US,Massachusetts,42.230171,-71.530106,1055519,20050,0,1640596874000.0
775,US,South Carolina,33.856892,-80.945007,944574,14550,0,1640596874000.0
776,US,Vermont,44.045876,-72.710686,60265,460,0,1640596874000.0
777,US,Florida,27.766279,-81.686783,3907748,62347,0,1640596874000.0
778,US,Hawaii,21.094318,-157.498337,102389,1082,0,1640596874000.0
779,US,Kentucky,37.66814,-84.670067,836441,11918,0,1640596874000.0
780,US,Rhode Island,41.680893,-71.51178,217228,3018,0,1640596874000.0
781,US,Nebraska,41.12537,-98.268082,331081,3317,0,1640596874000.0
782,US,Ohio,40.388783,-82.764915,1931908,28720,0,1640596874000.0
783,US,Alabama,32.3182,-86.9023,868948,16418,0,1640596874000.0
784,US,North Carolina,35.630066,-79.806419,1607378,19233,0,1640596874000.0
785,US,District of Columbia,38.897438,-77.026817,79565,1207,0,1640596874000.0
786,US,Maine,44.693947,-69.381927,141780,1475,0,1640596874000.0
